Id,State_id,Cycle_id,Costs
0,0,1,0
0,0,2,0
0,0,3,0
0,0,4,0
0,0,5,0
0,0,6,0
0,0,7,0
0,0,8,0
0,0,9,0
0,0,10,0
0,0,11,0
0,0,12,0
0,0,13,0
0,0,14,0
0,0,15,0
0,0,16,0
0,0,17,0
0,0,18,0
0,0,19,0
0,0,20,0
0,0,21,0
0,0,22,0
0,0,23,0
0,0,24,0
0,0,25,0
0,0,26,0
0,0,27,0
0,0,28,0
0,1,1,0
0,1,2,0
0,1,3,6
0,1,4,6
0,1,5,6
0,1,6,6
0,1,7,6
0,1,8,6
0,1,9,6
0,1,10,6
0,1,11,6
0,1,12,6
0,1,13,6
0,1,14,6
0,1,15,6
0,1,16,6
0,1,17,6
0,1,18,6
0,1,19,6
0,1,20,6
0,1,21,6
0,1,22,6
0,1,23,6
0,1,24,6
0,1,25,6
0,1,26,6
0,1,27,6
0,1,28,6
0,2,1,0
0,2,2,0
0,2,3,6
0,2,4,6
0,2,5,6
0,2,6,6
0,2,7,6
0,2,8,6
0,2,9,6
0,2,10,6
0,2,11,6
0,2,12,6
0,2,13,6
0,2,14,6
0,2,15,6
0,2,16,6
0,2,17,6
0,2,18,6
0,2,19,6
0,2,20,6
0,2,21,6
0,2,22,6
0,2,23,6
0,2,24,6
0,2,25,6
0,2,26,6
0,2,27,6
0,2,28,6
0,3,1,0
0,3,2,0
0,3,3,6
0,3,4,6
0,3,5,6
0,3,6,6
0,3,7,6
0,3,8,6
0,3,9,6
0,3,10,6
0,3,11,6
0,3,12,6
0,3,13,6
0,3,14,6
0,3,15,6
0,3,16,6
0,3,17,6
0,3,18,6
0,3,19,6
0,3,20,6
0,3,21,6
0,3,22,6
0,3,23,6
0,3,24,6
0,3,25,6
0,3,26,6
0,3,27,6
0,3,28,6
0,4,1,0
0,4,2,0
0,4,3,6
0,4,4,6
0,4,5,6
0,4,6,6
0,4,7,6
0,4,8,6
0,4,9,6
0,4,10,6
0,4,11,6
0,4,12,6
0,4,13,6
0,4,14,6
0,4,15,6
0,4,16,6
0,4,17,6
0,4,18,6
0,4,19,6
0,4,20,6
0,4,21,6
0,4,22,6
0,4,23,6
0,4,24,6
0,4,25,6
0,4,26,6
0,4,27,6
0,4,28,6
0,5,1,0
0,5,2,0
0,5,3,6
0,5,4,6
0,5,5,6
0,5,6,6
0,5,7,6
0,5,8,6
0,5,9,6
0,5,10,6
0,5,11,6
0,5,12,6
0,5,13,6
0,5,14,6
0,5,15,6
0,5,16,6
0,5,17,6
0,5,18,6
0,5,19,6
0,5,20,6
0,5,21,6
0,5,22,6
0,5,23,6
0,5,24,6
0,5,25,6
0,5,26,6
0,5,27,6
0,5,28,6
0,6,1,0
0,6,2,0
0,6,3,0
0,6,4,0
0,6,5,0
0,6,6,0
0,6,7,0
0,6,8,0
0,6,9,6
0,6,10,6
0,6,11,6
0,6,12,6
0,6,13,6
0,6,14,6
0,6,15,6
0,6,16,6
0,6,17,6
0,6,18,6
0,6,19,6
0,6,20,6
0,6,21,6
0,6,22,6
0,6,23,6
0,6,24,6
0,6,25,6
0,6,26,6
0,6,27,6
0,6,28,0
0,7,1,0
0,7,2,0
0,7,3,0
0,7,4,0
0,7,5,6
0,7,6,6
0,7,7,6
0,7,8,6
0,7,9,6
0,7,10,6
0,7,11,6
0,7,12,6
0,7,13,6
0,7,14,6
0,7,15,6
0,7,16,6
0,7,17,6
0,7,18,6
0,7,19,6
0,7,20,6
0,7,21,6
0,7,22,6
0,7,23,6
0,7,24,6
0,7,25,6
0,7,26,6
0,7,27,6
0,7,28,6
0,8,1,0
0,8,2,0
0,8,3,0
0,8,4,6
0,8,5,6
0,8,6,6
0,8,7,6
0,8,8,6
0,8,9,6
0,8,10,6
0,8,11,6
0,8,12,6
0,8,13,6
0,8,14,6
0,8,15,6
0,8,16,6
0,8,17,6
0,8,18,6
0,8,19,6
0,8,20,6
0,8,21,6
0,8,22,6
0,8,23,6
0,8,24,6
0,8,25,6
0,8,26,6
0,8,27,6
0,8,28,6
0,9,1,0
0,9,2,0
0,9,3,0
0,9,4,6
0,9,5,6
0,9,6,6
0,9,7,6
0,9,8,6
0,9,9,6
0,9,10,6
0,9,11,6
0,9,12,6
0,9,13,6
0,9,14,6
0,9,15,6
0,9,16,6
0,9,17,6
0,9,18,6
0,9,19,6
0,9,20,6
0,9,21,6
0,9,22,6
0,9,23,6
0,9,24,6
0,9,25,6
0,9,26,6
0,9,27,6
0,9,28,6
0,10,1,0
0,10,2,0
0,10,3,0
0,10,4,0
0,10,5,0
0,10,6,0
0,10,7,0
0,10,8,0
0,10,9,0
0,10,10,0
0,10,11,0
0,10,12,0
0,10,13,0
0,10,14,0
0,10,15,0
0,10,16,0
0,10,17,0
0,10,18,0
0,10,19,0
0,10,20,0
0,10,21,0
0,10,22,0
0,10,23,0
0,10,24,0
0,10,25,0
0,10,26,0
0,10,27,0
0,10,28,0
0,11,1,0
0,11,2,0
0,11,3,6
0,11,4,6
0,11,5,6
0,11,6,6
0,11,7,6
0,11,8,6
0,11,9,6
0,11,10,6
0,11,11,6
0,11,12,6
0,11,13,6
0,11,14,6
0,11,15,6
0,11,16,6
0,11,17,6
0,11,18,6
0,11,19,6
0,11,20,6
0,11,21,6
0,11,22,6
0,11,23,6
0,11,24,6
0,11,25,6
0,11,26,6
0,11,27,6
0,11,28,6
0,12,1,0
0,12,2,0
0,12,3,6
0,12,4,6
0,12,5,6
0,12,6,6
0,12,7,6
0,12,8,6
0,12,9,6
0,12,10,6
0,12,11,6
0,12,12,6
0,12,13,6
0,12,14,6
0,12,15,6
0,12,16,6
0,12,17,6
0,12,18,6
0,12,19,6
0,12,20,6
0,12,21,6
0,12,22,6
0,12,23,6
0,12,24,6
0,12,25,6
0,12,26,6
0,12,27,6
0,12,28,6
0,13,1,0
0,13,2,0
0,13,3,6
0,13,4,6
0,13,5,6
0,13,6,6
0,13,7,6
0,13,8,6
0,13,9,6
0,13,10,6
0,13,11,6
0,13,12,6
0,13,13,6
0,13,14,6
0,13,15,6
0,13,16,6
0,13,17,6
0,13,18,6
0,13,19,6
0,13,20,6
0,13,21,6
0,13,22,6
0,13,23,6
0,13,24,6
0,13,25,6
0,13,26,6
0,13,27,6
0,13,28,6
0,14,1,0
0,14,2,0
0,14,3,0
0,14,4,6
0,14,5,6
0,14,6,6
0,14,7,6
0,14,8,6
0,14,9,6
0,14,10,6
0,14,11,6
0,14,12,6
0,14,13,6
0,14,14,6
0,14,15,6
0,14,16,6
0,14,17,6
0,14,18,6
0,14,19,6
0,14,20,6
0,14,21,6
0,14,22,6
0,14,23,6
0,14,24,6
0,14,25,6
0,14,26,6
0,14,27,6
0,14,28,6
0,15,1,0
0,15,2,0
0,15,3,0
0,15,4,6
0,15,5,6
0,15,6,6
0,15,7,6
0,15,8,6
0,15,9,6
0,15,10,6
0,15,11,6
0,15,12,6
0,15,13,6
0,15,14,6
0,15,15,6
0,15,16,6
0,15,17,6
0,15,18,6
0,15,19,6
0,15,20,6
0,15,21,6
0,15,22,6
0,15,23,6
0,15,24,6
0,15,25,6
0,15,26,6
0,15,27,6
0,15,28,6
0,16,1,0
0,16,2,0
0,16,3,0
0,16,4,0
0,16,5,0
0,16,6,0
0,16,7,0
0,16,8,0
0,16,9,0
0,16,10,0
0,16,11,0
0,16,12,0
0,16,13,0
0,16,14,0
0,16,15,0
0,16,16,0
0,16,17,0
0,16,18,0
0,16,19,0
0,16,20,0
0,16,21,0
0,16,22,0
0,16,23,0
0,16,24,0
0,16,25,0
0,16,26,0
0,16,27,0
0,16,28,0
0,17,1,0
0,17,2,0
0,17,3,6
0,17,4,6
0,17,5,6
0,17,6,6
0,17,7,6
0,17,8,6
0,17,9,6
0,17,10,6
0,17,11,6
0,17,12,6
0,17,13,6
0,17,14,6
0,17,15,6
0,17,16,6
0,17,17,6
0,17,18,6
0,17,19,6
0,17,20,6
0,17,21,6
0,17,22,6
0,17,23,6
0,17,24,6
0,17,25,6
0,17,26,6
0,17,27,6
0,17,28,6
0,18,1,0
0,18,2,0
0,18,3,6
0,18,4,6
0,18,5,6
0,18,6,6
0,18,7,6
0,18,8,6
0,18,9,6
0,18,10,6
0,18,11,6
0,18,12,6
0,18,13,6
0,18,14,6
0,18,15,6
0,18,16,6
0,18,17,6
0,18,18,6
0,18,19,6
0,18,20,6
0,18,21,6
0,18,22,6
0,18,23,6
0,18,24,6
0,18,25,6
0,18,26,6
0,18,27,6
0,18,28,6
0,19,1,0
0,19,2,0
0,19,3,6
0,19,4,6
0,19,5,6
0,19,6,6
0,19,7,6
0,19,8,6
0,19,9,6
0,19,10,6
0,19,11,6
0,19,12,6
0,19,13,6
0,19,14,6
0,19,15,6
0,19,16,6
0,19,17,6
0,19,18,6
0,19,19,6
0,19,20,6
0,19,21,6
0,19,22,6
0,19,23,6
0,19,24,6
0,19,25,6
0,19,26,6
0,19,27,6
0,19,28,6
0,20,1,0
0,20,2,0
0,20,3,0
0,20,4,6
0,20,5,6
0,20,6,6
0,20,7,6
0,20,8,6
0,20,9,6
0,20,10,6
0,20,11,6
0,20,12,6
0,20,13,6
0,20,14,6
0,20,15,6
0,20,16,6
0,20,17,6
0,20,18,6
0,20,19,6
0,20,20,6
0,20,21,6
0,20,22,6
0,20,23,6
0,20,24,6
0,20,25,6
0,20,26,6
0,20,27,6
0,20,28,6
0,21,1,0
0,21,2,0
0,21,3,0
0,21,4,6
0,21,5,6
0,21,6,6
0,21,7,6
0,21,8,6
0,21,9,6
0,21,10,6
0,21,11,6
0,21,12,6
0,21,13,6
0,21,14,6
0,21,15,6
0,21,16,6
0,21,17,6
0,21,18,6
0,21,19,6
0,21,20,6
0,21,21,6
0,21,22,6
0,21,23,6
0,21,24,6
0,21,25,6
0,21,26,6
0,21,27,6
0,21,28,6
0,22,1,0
0,22,2,0
0,22,3,0
0,22,4,0
0,22,5,0
0,22,6,0
0,22,7,0
0,22,8,0
0,22,9,0
0,22,10,0
0,22,11,0
0,22,12,0
0,22,13,0
0,22,14,0
0,22,15,0
0,22,16,0
0,22,17,0
0,22,18,0
0,22,19,0
0,22,20,0
0,22,21,0
0,22,22,0
0,22,23,0
0,22,24,0
0,22,25,0
0,22,26,0
0,22,27,0
0,22,28,0
0,23,1,0
0,23,2,0
0,23,3,6
0,23,4,6
0,23,5,6
0,23,6,6
0,23,7,6
0,23,8,6
0,23,9,6
0,23,10,6
0,23,11,6
0,23,12,6
0,23,13,6
0,23,14,6
0,23,15,6
0,23,16,6
0,23,17,6
0,23,18,6
0,23,19,6
0,23,20,6
0,23,21,6
0,23,22,6
0,23,23,6
0,23,24,6
0,23,25,6
0,23,26,6
0,23,27,6
0,23,28,6
0,24,1,0
0,24,2,0
0,24,3,6
0,24,4,6
0,24,5,6
0,24,6,6
0,24,7,6
0,24,8,6
0,24,9,6
0,24,10,6
0,24,11,6
0,24,12,6
0,24,13,6
0,24,14,6
0,24,15,6
0,24,16,6
0,24,17,6
0,24,18,6
0,24,19,6
0,24,20,6
0,24,21,6
0,24,22,6
0,24,23,6
0,24,24,6
0,24,25,6
0,24,26,6
0,24,27,6
0,24,28,6
0,25,1,0
0,25,2,0
0,25,3,6
0,25,4,6
0,25,5,6
0,25,6,6
0,25,7,6
0,25,8,6
0,25,9,6
0,25,10,6
0,25,11,6
0,25,12,6
0,25,13,6
0,25,14,6
0,25,15,6
0,25,16,6
0,25,17,6
0,25,18,6
0,25,19,6
0,25,20,6
0,25,21,6
0,25,22,6
0,25,23,6
0,25,24,6
0,25,25,6
0,25,26,6
0,25,27,6
0,25,28,6
0,26,1,0
0,26,2,0
0,26,3,6
0,26,4,6
0,26,5,6
0,26,6,6
0,26,7,6
0,26,8,6
0,26,9,6
0,26,10,6
0,26,11,6
0,26,12,6
0,26,13,6
0,26,14,6
0,26,15,6
0,26,16,6
0,26,17,6
0,26,18,6
0,26,19,6
0,26,20,6
0,26,21,6
0,26,22,6
0,26,23,6
0,26,24,6
0,26,25,6
0,26,26,6
0,26,27,6
0,26,28,6
0,27,1,0
0,27,2,0
0,27,3,0
0,27,4,6
0,27,5,6
0,27,6,6
0,27,7,6
0,27,8,6
0,27,9,6
0,27,10,6
0,27,11,6
0,27,12,6
0,27,13,6
0,27,14,6
0,27,15,6
0,27,16,6
0,27,17,6
0,27,18,6
0,27,19,6
0,27,20,6
0,27,21,6
0,27,22,6
0,27,23,6
0,27,24,6
0,27,25,6
0,27,26,6
0,27,27,6
0,27,28,6
0,28,1,0
0,28,2,0
0,28,3,0
0,28,4,0
0,28,5,0
0,28,6,0
0,28,7,0
0,28,8,0
0,28,9,0
0,28,10,0
0,28,11,0
0,28,12,0
0,28,13,0
0,28,14,0
0,28,15,0
0,28,16,0
0,28,17,0
0,28,18,0
0,28,19,0
0,28,20,0
0,28,21,0
0,28,22,0
0,28,23,0
0,28,24,0
0,28,25,0
0,28,26,0
0,28,27,0
0,28,28,0
0,29,1,0
0,29,2,0
0,29,3,6
0,29,4,6
0,29,5,6
0,29,6,6
0,29,7,6
0,29,8,6
0,29,9,6
0,29,10,6
0,29,11,6
0,29,12,6
0,29,13,6
0,29,14,6
0,29,15,6
0,29,16,6
0,29,17,6
0,29,18,6
0,29,19,6
0,29,20,6
0,29,21,6
0,29,22,6
0,29,23,6
0,29,24,6
0,29,25,6
0,29,26,6
0,29,27,6
0,29,28,6
0,30,1,0
0,30,2,0
0,30,3,6
0,30,4,6
0,30,5,6
0,30,6,6
0,30,7,6
0,30,8,6
0,30,9,6
0,30,10,6
0,30,11,6
0,30,12,6
0,30,13,6
0,30,14,6
0,30,15,6
0,30,16,6
0,30,17,6
0,30,18,6
0,30,19,6
0,30,20,6
0,30,21,6
0,30,22,6
0,30,23,6
0,30,24,6
0,30,25,6
0,30,26,6
0,30,27,6
0,30,28,6
0,31,1,0
0,31,2,0
0,31,3,6
0,31,4,6
0,31,5,6
0,31,6,6
0,31,7,6
0,31,8,6
0,31,9,6
0,31,10,6
0,31,11,6
0,31,12,6
0,31,13,6
0,31,14,6
0,31,15,6
0,31,16,6
0,31,17,6
0,31,18,6
0,31,19,6
0,31,20,6
0,31,21,6
0,31,22,6
0,31,23,6
0,31,24,6
0,31,25,6
0,31,26,6
0,31,27,6
0,31,28,6
0,32,1,0
0,32,2,0
0,32,3,0
0,32,4,6
0,32,5,6
0,32,6,6
0,32,7,6
0,32,8,6
0,32,9,6
0,32,10,6
0,32,11,6
0,32,12,6
0,32,13,6
0,32,14,6
0,32,15,6
0,32,16,6
0,32,17,6
0,32,18,6
0,32,19,6
0,32,20,6
0,32,21,6
0,32,22,6
0,32,23,6
0,32,24,6
0,32,25,6
0,32,26,6
0,32,27,6
0,32,28,6
0,33,1,0
0,33,2,0
0,33,3,0
0,33,4,0
0,33,5,0
0,33,6,0
0,33,7,0
0,33,8,0
0,33,9,0
0,33,10,0
0,33,11,0
0,33,12,0
0,33,13,0
0,33,14,0
0,33,15,0
0,33,16,0
0,33,17,0
0,33,18,0
0,33,19,0
0,33,20,0
0,33,21,0
0,33,22,0
0,33,23,0
0,33,24,0
0,33,25,0
0,33,26,0
0,33,27,0
0,33,28,0
0,34,1,0
0,34,2,0
0,34,3,6
0,34,4,6
0,34,5,6
0,34,6,6
0,34,7,6
0,34,8,6
0,34,9,6
0,34,10,6
0,34,11,6
0,34,12,6
0,34,13,6
0,34,14,6
0,34,15,6
0,34,16,6
0,34,17,6
0,34,18,6
0,34,19,6
0,34,20,6
0,34,21,6
0,34,22,6
0,34,23,6
0,34,24,6
0,34,25,6
0,34,26,6
0,34,27,6
0,34,28,6
0,35,1,0
0,35,2,0
0,35,3,6
0,35,4,6
0,35,5,6
0,35,6,6
0,35,7,6
0,35,8,6
0,35,9,6
0,35,10,6
0,35,11,6
0,35,12,6
0,35,13,6
0,35,14,6
0,35,15,6
0,35,16,6
0,35,17,6
0,35,18,6
0,35,19,6
0,35,20,6
0,35,21,6
0,35,22,6
0,35,23,6
0,35,24,6
0,35,25,6
0,35,26,6
0,35,27,6
0,35,28,6
0,36,1,0
0,36,2,0
0,36,3,0
0,36,4,6
0,36,5,6
0,36,6,6
0,36,7,6
0,36,8,6
0,36,9,6
0,36,10,6
0,36,11,6
0,36,12,6
0,36,13,6
0,36,14,6
0,36,15,6
0,36,16,6
0,36,17,6
0,36,18,6
0,36,19,6
0,36,20,6
0,36,21,6
0,36,22,6
0,36,23,6
0,36,24,6
0,36,25,6
0,36,26,6
0,36,27,6
0,36,28,6
0,37,1,0
0,37,2,0
0,37,3,0
0,37,4,0
0,37,5,0
0,37,6,0
0,37,7,0
0,37,8,0
0,37,9,0
0,37,10,0
0,37,11,0
0,37,12,0
0,37,13,0
0,37,14,0
0,37,15,0
0,37,16,0
0,37,17,0
0,37,18,0
0,37,19,0
0,37,20,0
0,37,21,0
0,37,22,0
0,37,23,0
0,37,24,0
0,37,25,0
0,37,26,0
0,37,27,0
0,37,28,0
0,38,1,0
0,38,2,0
0,38,3,6
0,38,4,6
0,38,5,6
0,38,6,6
0,38,7,6
0,38,8,6
0,38,9,6
0,38,10,6
0,38,11,6
0,38,12,6
0,38,13,6
0,38,14,6
0,38,15,6
0,38,16,6
0,38,17,6
0,38,18,6
0,38,19,6
0,38,20,6
0,38,21,6
0,38,22,6
0,38,23,6
0,38,24,6
0,38,25,6
0,38,26,6
0,38,27,6
0,38,28,6
0,39,1,0
0,39,2,0
0,39,3,6
0,39,4,6
0,39,5,6
0,39,6,6
0,39,7,6
0,39,8,6
0,39,9,6
0,39,10,6
0,39,11,6
0,39,12,6
0,39,13,6
0,39,14,6
0,39,15,6
0,39,16,6
0,39,17,6
0,39,18,6
0,39,19,6
0,39,20,6
0,39,21,6
0,39,22,6
0,39,23,6
0,39,24,6
0,39,25,6
0,39,26,6
0,39,27,6
0,39,28,6
0,40,1,0
0,40,2,0
0,40,3,0
0,40,4,6
0,40,5,6
0,40,6,6
0,40,7,6
0,40,8,6
0,40,9,6
0,40,10,6
0,40,11,6
0,40,12,6
0,40,13,6
0,40,14,6
0,40,15,6
0,40,16,6
0,40,17,6
0,40,18,6
0,40,19,6
0,40,20,6
0,40,21,6
0,40,22,6
0,40,23,6
0,40,24,6
0,40,25,6
0,40,26,6
0,40,27,6
0,40,28,6
0,41,1,0
0,41,2,0
0,41,3,0
0,41,4,0
0,41,5,0
0,41,6,0
0,41,7,0
0,41,8,0
0,41,9,0
0,41,10,0
0,41,11,0
0,41,12,0
0,41,13,0
0,41,14,0
0,41,15,0
0,41,16,0
0,41,17,0
0,41,18,0
0,41,19,0
0,41,20,0
0,41,21,0
0,41,22,0
0,41,23,0
0,41,24,0
0,41,25,0
0,41,26,0
0,41,27,0
0,41,28,0
0,42,1,0
0,42,2,0
0,42,3,0
0,42,4,0
0,42,5,0
0,42,6,0
0,42,7,0
0,42,8,0
0,42,9,0
0,42,10,0
0,42,11,0
0,42,12,0
0,42,13,0
0,42,14,0
0,42,15,0
0,42,16,0
0,42,17,0
0,42,18,0
0,42,19,0
0,42,20,0
0,42,21,0
0,42,22,0
0,42,23,0
0,42,24,0
0,42,25,0
0,42,26,0
0,42,27,0
0,42,28,0
0,43,1,0
0,43,2,0
0,43,3,6
0,43,4,6
0,43,5,6
0,43,6,6
0,43,7,6
0,43,8,6
0,43,9,6
0,43,10,6
0,43,11,6
0,43,12,6
0,43,13,6
0,43,14,6
0,43,15,6
0,43,16,6
0,43,17,6
0,43,18,6
0,43,19,6
0,43,20,6
0,43,21,6
0,43,22,6
0,43,23,6
0,43,24,6
0,43,25,6
0,43,26,6
0,43,27,6
0,43,28,6
0,44,1,0
0,44,2,0
0,44,3,6
0,44,4,6
0,44,5,6
0,44,6,6
0,44,7,6
0,44,8,6
0,44,9,6
0,44,10,6
0,44,11,6
0,44,12,6
0,44,13,6
0,44,14,6
0,44,15,6
0,44,16,6
0,44,17,6
0,44,18,6
0,44,19,6
0,44,20,6
0,44,21,6
0,44,22,6
0,44,23,6
0,44,24,6
0,44,25,6
0,44,26,6
0,44,27,6
0,44,28,6
0,45,1,0
0,45,2,0
0,45,3,6
0,45,4,6
0,45,5,6
0,45,6,6
0,45,7,6
0,45,8,6
0,45,9,6
0,45,10,6
0,45,11,6
0,45,12,6
0,45,13,6
0,45,14,6
0,45,15,6
0,45,16,6
0,45,17,6
0,45,18,6
0,45,19,6
0,45,20,6
0,45,21,6
0,45,22,6
0,45,23,6
0,45,24,6
0,45,25,6
0,45,26,6
0,45,27,6
0,45,28,6
0,46,1,0
0,46,2,0
0,46,3,6
0,46,4,6
0,46,5,6
0,46,6,6
0,46,7,6
0,46,8,6
0,46,9,6
0,46,10,6
0,46,11,6
0,46,12,6
0,46,13,6
0,46,14,6
0,46,15,6
0,46,16,6
0,46,17,6
0,46,18,6
0,46,19,6
0,46,20,6
0,46,21,6
0,46,22,6
0,46,23,6
0,46,24,6
0,46,25,6
0,46,26,6
0,46,27,6
0,46,28,6
0,47,1,0
0,47,2,0
0,47,3,6
0,47,4,6
0,47,5,6
0,47,6,6
0,47,7,6
0,47,8,6
0,47,9,6
0,47,10,6
0,47,11,6
0,47,12,6
0,47,13,6
0,47,14,6
0,47,15,6
0,47,16,6
0,47,17,6
0,47,18,6
0,47,19,6
0,47,20,6
0,47,21,6
0,47,22,6
0,47,23,6
0,47,24,6
0,47,25,6
0,47,26,6
0,47,27,6
0,47,28,6
0,48,1,0
0,48,2,0
0,48,3,6
0,48,4,6
0,48,5,6
0,48,6,6
0,48,7,6
0,48,8,6
0,48,9,6
0,48,10,6
0,48,11,6
0,48,12,6
0,48,13,6
0,48,14,6
0,48,15,6
0,48,16,6
0,48,17,6
0,48,18,6
0,48,19,6
0,48,20,6
0,48,21,6
0,48,22,6
0,48,23,6
0,48,24,6
0,48,25,6
0,48,26,6
0,48,27,6
0,48,28,6
0,49,1,0
0,49,2,0
0,49,3,6
0,49,4,6
0,49,5,6
0,49,6,6
0,49,7,6
0,49,8,6
0,49,9,6
0,49,10,6
0,49,11,6
0,49,12,6
0,49,13,6
0,49,14,6
0,49,15,6
0,49,16,6
0,49,17,6
0,49,18,6
0,49,19,6
0,49,20,6
0,49,21,6
0,49,22,6
0,49,23,6
0,49,24,6
0,49,25,6
0,49,26,6
0,49,27,6
0,49,28,6
0,50,1,0
0,50,2,0
0,50,3,6
0,50,4,6
0,50,5,6
0,50,6,6
0,50,7,6
0,50,8,6
0,50,9,6
0,50,10,6
0,50,11,6
0,50,12,6
0,50,13,6
0,50,14,6
0,50,15,6
0,50,16,6
0,50,17,6
0,50,18,6
0,50,19,6
0,50,20,6
0,50,21,6
0,50,22,6
0,50,23,6
0,50,24,6
0,50,25,6
0,50,26,6
0,50,27,6
0,50,28,6
0,51,1,0
0,51,2,0
0,51,3,6
0,51,4,6
0,51,5,6
0,51,6,6
0,51,7,6
0,51,8,6
0,51,9,6
0,51,10,6
0,51,11,6
0,51,12,6
0,51,13,6
0,51,14,6
0,51,15,6
0,51,16,6
0,51,17,6
0,51,18,6
0,51,19,6
0,51,20,6
0,51,21,6
0,51,22,6
0,51,23,6
0,51,24,6
0,51,25,6
0,51,26,6
0,51,27,6
0,51,28,6
0,52,1,0
0,52,2,0
0,52,3,6
0,52,4,6
0,52,5,6
0,52,6,6
0,52,7,6
0,52,8,6
0,52,9,6
0,52,10,6
0,52,11,6
0,52,12,6
0,52,13,6
0,52,14,6
0,52,15,6
0,52,16,6
0,52,17,6
0,52,18,6
0,52,19,6
0,52,20,6
0,52,21,6
0,52,22,6
0,52,23,6
0,52,24,6
0,52,25,6
0,52,26,6
0,52,27,6
0,52,28,6
0,53,1,0
0,53,2,0
0,53,3,6
0,53,4,6
0,53,5,6
0,53,6,6
0,53,7,6
0,53,8,6
0,53,9,6
0,53,10,6
0,53,11,6
0,53,12,6
0,53,13,6
0,53,14,6
0,53,15,6
0,53,16,6
0,53,17,6
0,53,18,6
0,53,19,6
0,53,20,6
0,53,21,6
0,53,22,6
0,53,23,6
0,53,24,6
0,53,25,6
0,53,26,6
0,53,27,6
0,53,28,6
0,54,1,0
0,54,2,0
0,54,3,6
0,54,4,6
0,54,5,6
0,54,6,6
0,54,7,6
0,54,8,6
0,54,9,6
0,54,10,6
0,54,11,6
0,54,12,6
0,54,13,6
0,54,14,6
0,54,15,6
0,54,16,6
0,54,17,6
0,54,18,6
0,54,19,6
0,54,20,6
0,54,21,6
0,54,22,6
0,54,23,6
0,54,24,6
0,54,25,6
0,54,26,6
0,54,27,6
0,54,28,6
0,55,1,0
0,55,2,0
0,55,3,6
0,55,4,6
0,55,5,6
0,55,6,6
0,55,7,6
0,55,8,6
0,55,9,6
0,55,10,6
0,55,11,6
0,55,12,6
0,55,13,6
0,55,14,6
0,55,15,6
0,55,16,6
0,55,17,6
0,55,18,6
0,55,19,6
0,55,20,6
0,55,21,6
0,55,22,6
0,55,23,6
0,55,24,6
0,55,25,6
0,55,26,6
0,55,27,6
0,55,28,6
0,56,1,0
0,56,2,0
0,56,3,6
0,56,4,6
0,56,5,6
0,56,6,6
0,56,7,6
0,56,8,6
0,56,9,6
0,56,10,6
0,56,11,6
0,56,12,6
0,56,13,6
0,56,14,6
0,56,15,6
0,56,16,6
0,56,17,6
0,56,18,6
0,56,19,6
0,56,20,6
0,56,21,6
0,56,22,6
0,56,23,6
0,56,24,6
0,56,25,6
0,56,26,6
0,56,27,6
0,56,28,6
0,57,1,0
0,57,2,0
0,57,3,6
0,57,4,6
0,57,5,6
0,57,6,6
0,57,7,6
0,57,8,6
0,57,9,6
0,57,10,6
0,57,11,6
0,57,12,6
0,57,13,6
0,57,14,6
0,57,15,6
0,57,16,6
0,57,17,6
0,57,18,6
0,57,19,6
0,57,20,6
0,57,21,6
0,57,22,6
0,57,23,6
0,57,24,6
0,57,25,6
0,57,26,6
0,57,27,6
0,57,28,6
0,58,1,0
0,58,2,0
0,58,3,6
0,58,4,6
0,58,5,6
0,58,6,6
0,58,7,6
0,58,8,6
0,58,9,6
0,58,10,6
0,58,11,6
0,58,12,6
0,58,13,6
0,58,14,6
0,58,15,6
0,58,16,6
0,58,17,6
0,58,18,6
0,58,19,6
0,58,20,6
0,58,21,6
0,58,22,6
0,58,23,6
0,58,24,6
0,58,25,6
0,58,26,6
0,58,27,6
0,58,28,6
0,59,1,0
0,59,2,0
0,59,3,6
0,59,4,6
0,59,5,6
0,59,6,6
0,59,7,6
0,59,8,6
0,59,9,6
0,59,10,6
0,59,11,6
0,59,12,6
0,59,13,6
0,59,14,6
0,59,15,6
0,59,16,6
0,59,17,6
0,59,18,6
0,59,19,6
0,59,20,6
0,59,21,6
0,59,22,6
0,59,23,6
0,59,24,6
0,59,25,6
0,59,26,6
0,59,27,6
0,59,28,6
0,60,1,0
0,60,2,0
0,60,3,6
0,60,4,6
0,60,5,6
0,60,6,6
0,60,7,6
0,60,8,6
0,60,9,6
0,60,10,6
0,60,11,6
0,60,12,6
0,60,13,6
0,60,14,6
0,60,15,6
0,60,16,6
0,60,17,6
0,60,18,6
0,60,19,6
0,60,20,6
0,60,21,6
0,60,22,6
0,60,23,6
0,60,24,6
0,60,25,6
0,60,26,6
0,60,27,6
0,60,28,6
0,61,1,0
0,61,2,0
0,61,3,6
0,61,4,6
0,61,5,6
0,61,6,6
0,61,7,6
0,61,8,6
0,61,9,6
0,61,10,6
0,61,11,6
0,61,12,6
0,61,13,6
0,61,14,6
0,61,15,6
0,61,16,6
0,61,17,6
0,61,18,6
0,61,19,6
0,61,20,6
0,61,21,6
0,61,22,6
0,61,23,6
0,61,24,6
0,61,25,6
0,61,26,6
0,61,27,6
0,61,28,6
0,62,1,0
0,62,2,0
0,62,3,6
0,62,4,6
0,62,5,6
0,62,6,6
0,62,7,6
0,62,8,6
0,62,9,6
0,62,10,6
0,62,11,6
0,62,12,6
0,62,13,6
0,62,14,6
0,62,15,6
0,62,16,6
0,62,17,6
0,62,18,6
0,62,19,6
0,62,20,6
0,62,21,6
0,62,22,6
0,62,23,6
0,62,24,6
0,62,25,6
0,62,26,6
0,62,27,6
0,62,28,6
0,63,1,0
0,63,2,0
0,63,3,6
0,63,4,6
0,63,5,6
0,63,6,6
0,63,7,6
0,63,8,6
0,63,9,6
0,63,10,6
0,63,11,6
0,63,12,6
0,63,13,6
0,63,14,6
0,63,15,6
0,63,16,6
0,63,17,6
0,63,18,6
0,63,19,6
0,63,20,6
0,63,21,6
0,63,22,6
0,63,23,6
0,63,24,6
0,63,25,6
0,63,26,6
0,63,27,6
0,63,28,6
0,64,1,0
0,64,2,0
0,64,3,6
0,64,4,6
0,64,5,6
0,64,6,6
0,64,7,6
0,64,8,6
0,64,9,6
0,64,10,6
0,64,11,6
0,64,12,6
0,64,13,6
0,64,14,6
0,64,15,6
0,64,16,6
0,64,17,6
0,64,18,6
0,64,19,6
0,64,20,6
0,64,21,6
0,64,22,6
0,64,23,6
0,64,24,6
0,64,25,6
0,64,26,6
0,64,27,6
0,64,28,6
0,65,1,0
0,65,2,0
0,65,3,6
0,65,4,6
0,65,5,6
0,65,6,6
0,65,7,6
0,65,8,6
0,65,9,6
0,65,10,6
0,65,11,6
0,65,12,6
0,65,13,6
0,65,14,6
0,65,15,6
0,65,16,6
0,65,17,6
0,65,18,6
0,65,19,6
0,65,20,6
0,65,21,6
0,65,22,6
0,65,23,6
0,65,24,6
0,65,25,6
0,65,26,6
0,65,27,6
0,65,28,6
0,66,1,0
0,66,2,0
0,66,3,6
0,66,4,6
0,66,5,6
0,66,6,6
0,66,7,6
0,66,8,6
0,66,9,6
0,66,10,6
0,66,11,6
0,66,12,6
0,66,13,6
0,66,14,6
0,66,15,6
0,66,16,6
0,66,17,6
0,66,18,6
0,66,19,6
0,66,20,6
0,66,21,6
0,66,22,6
0,66,23,6
0,66,24,6
0,66,25,6
0,66,26,6
0,66,27,6
0,66,28,6
0,67,1,0
0,67,2,0
0,67,3,6
0,67,4,6
0,67,5,6
0,67,6,6
0,67,7,6
0,67,8,6
0,67,9,6
0,67,10,6
0,67,11,6
0,67,12,6
0,67,13,6
0,67,14,6
0,67,15,6
0,67,16,6
0,67,17,6
0,67,18,6
0,67,19,6
0,67,20,6
0,67,21,6
0,67,22,6
0,67,23,6
0,67,24,6
0,67,25,6
0,67,26,6
0,67,27,6
0,67,28,6
0,68,1,0
0,68,2,0
0,68,3,6
0,68,4,6
0,68,5,6
0,68,6,6
0,68,7,6
0,68,8,6
0,68,9,6
0,68,10,6
0,68,11,6
0,68,12,6
0,68,13,6
0,68,14,6
0,68,15,6
0,68,16,6
0,68,17,6
0,68,18,6
0,68,19,6
0,68,20,6
0,68,21,6
0,68,22,6
0,68,23,6
0,68,24,6
0,68,25,6
0,68,26,6
0,68,27,6
0,68,28,6
0,69,1,0
0,69,2,0
0,69,3,6
0,69,4,6
0,69,5,6
0,69,6,6
0,69,7,6
0,69,8,6
0,69,9,6
0,69,10,6
0,69,11,6
0,69,12,6
0,69,13,6
0,69,14,6
0,69,15,6
0,69,16,6
0,69,17,6
0,69,18,6
0,69,19,6
0,69,20,6
0,69,21,6
0,69,22,6
0,69,23,6
0,69,24,6
0,69,25,6
0,69,26,6
0,69,27,6
0,69,28,6
0,70,1,0
0,70,2,0
0,70,3,6
0,70,4,6
0,70,5,6
0,70,6,6
0,70,7,6
0,70,8,6
0,70,9,6
0,70,10,6
0,70,11,6
0,70,12,6
0,70,13,6
0,70,14,6
0,70,15,6
0,70,16,6
0,70,17,6
0,70,18,6
0,70,19,6
0,70,20,6
0,70,21,6
0,70,22,6
0,70,23,6
0,70,24,6
0,70,25,6
0,70,26,6
0,70,27,6
0,70,28,6
0,71,1,0
0,71,2,0
0,71,3,6
0,71,4,6
0,71,5,6
0,71,6,6
0,71,7,6
0,71,8,6
0,71,9,6
0,71,10,6
0,71,11,6
0,71,12,6
0,71,13,6
0,71,14,6
0,71,15,6
0,71,16,6
0,71,17,6
0,71,18,6
0,71,19,6
0,71,20,6
0,71,21,6
0,71,22,6
0,71,23,6
0,71,24,6
0,71,25,6
0,71,26,6
0,71,27,6
0,71,28,6
0,72,1,0
0,72,2,0
0,72,3,6
0,72,4,6
0,72,5,6
0,72,6,6
0,72,7,6
0,72,8,6
0,72,9,6
0,72,10,6
0,72,11,6
0,72,12,6
0,72,13,6
0,72,14,6
0,72,15,6
0,72,16,6
0,72,17,6
0,72,18,6
0,72,19,6
0,72,20,6
0,72,21,6
0,72,22,6
0,72,23,6
0,72,24,6
0,72,25,6
0,72,26,6
0,72,27,6
0,72,28,6
0,73,1,0
0,73,2,0
0,73,3,6
0,73,4,6
0,73,5,6
0,73,6,6
0,73,7,6
0,73,8,6
0,73,9,6
0,73,10,6
0,73,11,6
0,73,12,6
0,73,13,6
0,73,14,6
0,73,15,6
0,73,16,6
0,73,17,6
0,73,18,6
0,73,19,6
0,73,20,6
0,73,21,6
0,73,22,6
0,73,23,6
0,73,24,6
0,73,25,6
0,73,26,6
0,73,27,6
0,73,28,6
0,74,1,0
0,74,2,0
0,74,3,6
0,74,4,6
0,74,5,6
0,74,6,6
0,74,7,6
0,74,8,6
0,74,9,6
0,74,10,6
0,74,11,6
0,74,12,6
0,74,13,6
0,74,14,6
0,74,15,6
0,74,16,6
0,74,17,6
0,74,18,6
0,74,19,6
0,74,20,6
0,74,21,6
0,74,22,6
0,74,23,6
0,74,24,6
0,74,25,6
0,74,26,6
0,74,27,6
0,74,28,6
0,75,1,0
0,75,2,0
0,75,3,6
0,75,4,6
0,75,5,6
0,75,6,6
0,75,7,6
0,75,8,6
0,75,9,6
0,75,10,6
0,75,11,6
0,75,12,6
0,75,13,6
0,75,14,6
0,75,15,6
0,75,16,6
0,75,17,6
0,75,18,6
0,75,19,6
0,75,20,6
0,75,21,6
0,75,22,6
0,75,23,6
0,75,24,6
0,75,25,6
0,75,26,6
0,75,27,6
0,75,28,6
0,76,1,0
0,76,2,0
0,76,3,6
0,76,4,6
0,76,5,6
0,76,6,6
0,76,7,6
0,76,8,6
0,76,9,6
0,76,10,6
0,76,11,6
0,76,12,6
0,76,13,6
0,76,14,6
0,76,15,6
0,76,16,6
0,76,17,6
0,76,18,6
0,76,19,6
0,76,20,6
0,76,21,6
0,76,22,6
0,76,23,6
0,76,24,6
0,76,25,6
0,76,26,6
0,76,27,6
0,76,28,6
0,77,1,0
0,77,2,0
0,77,3,6
0,77,4,6
0,77,5,6
0,77,6,6
0,77,7,6
0,77,8,6
0,77,9,6
0,77,10,6
0,77,11,6
0,77,12,6
0,77,13,6
0,77,14,6
0,77,15,6
0,77,16,6
0,77,17,6
0,77,18,6
0,77,19,6
0,77,20,6
0,77,21,6
0,77,22,6
0,77,23,6
0,77,24,6
0,77,25,6
0,77,26,6
0,77,27,6
0,77,28,6
0,78,1,0
0,78,2,0
0,78,3,6
0,78,4,6
0,78,5,6
0,78,6,6
0,78,7,6
0,78,8,6
0,78,9,6
0,78,10,6
0,78,11,6
0,78,12,6
0,78,13,6
0,78,14,6
0,78,15,6
0,78,16,6
0,78,17,6
0,78,18,6
0,78,19,6
0,78,20,6
0,78,21,6
0,78,22,6
0,78,23,6
0,78,24,6
0,78,25,6
0,78,26,6
0,78,27,6
0,78,28,6
0,79,1,0
0,79,2,0
0,79,3,6
0,79,4,6
0,79,5,6
0,79,6,6
0,79,7,6
0,79,8,6
0,79,9,6
0,79,10,6
0,79,11,6
0,79,12,6
0,79,13,6
0,79,14,6
0,79,15,6
0,79,16,6
0,79,17,6
0,79,18,6
0,79,19,6
0,79,20,6
0,79,21,6
0,79,22,6
0,79,23,6
0,79,24,6
0,79,25,6
0,79,26,6
0,79,27,6
0,79,28,6
0,80,1,0
0,80,2,0
0,80,3,6
0,80,4,6
0,80,5,6
0,80,6,6
0,80,7,6
0,80,8,6
0,80,9,6
0,80,10,6
0,80,11,6
0,80,12,6
0,80,13,6
0,80,14,6
0,80,15,6
0,80,16,6
0,80,17,6
0,80,18,6
0,80,19,6
0,80,20,6
0,80,21,6
0,80,22,6
0,80,23,6
0,80,24,6
0,80,25,6
0,80,26,6
0,80,27,6
0,80,28,6
0,81,1,0
0,81,2,0
0,81,3,6
0,81,4,6
0,81,5,6
0,81,6,6
0,81,7,6
0,81,8,6
0,81,9,6
0,81,10,6
0,81,11,6
0,81,12,6
0,81,13,6
0,81,14,6
0,81,15,6
0,81,16,6
0,81,17,6
0,81,18,6
0,81,19,6
0,81,20,6
0,81,21,6
0,81,22,6
0,81,23,6
0,81,24,6
0,81,25,6
0,81,26,6
0,81,27,6
0,81,28,6
0,82,1,0
0,82,2,0
0,82,3,6
0,82,4,6
0,82,5,6
0,82,6,6
0,82,7,6
0,82,8,6
0,82,9,6
0,82,10,6
0,82,11,6
0,82,12,6
0,82,13,6
0,82,14,6
0,82,15,6
0,82,16,6
0,82,17,6
0,82,18,6
0,82,19,6
0,82,20,6
0,82,21,6
0,82,22,6
0,82,23,6
0,82,24,6
0,82,25,6
0,82,26,6
0,82,27,6
0,82,28,6
0,83,1,0
0,83,2,0
0,83,3,6
0,83,4,6
0,83,5,6
0,83,6,6
0,83,7,6
0,83,8,6
0,83,9,6
0,83,10,6
0,83,11,6
0,83,12,6
0,83,13,6
0,83,14,6
0,83,15,6
0,83,16,6
0,83,17,6
0,83,18,6
0,83,19,6
0,83,20,6
0,83,21,6
0,83,22,6
0,83,23,6
0,83,24,6
0,83,25,6
0,83,26,6
0,83,27,6
0,83,28,6
0,84,1,0
0,84,2,0
0,84,3,6
0,84,4,6
0,84,5,6
0,84,6,6
0,84,7,6
0,84,8,6
0,84,9,6
0,84,10,6
0,84,11,6
0,84,12,6
0,84,13,6
0,84,14,6
0,84,15,6
0,84,16,6
0,84,17,6
0,84,18,6
0,84,19,6
0,84,20,6
0,84,21,6
0,84,22,6
0,84,23,6
0,84,24,6
0,84,25,6
0,84,26,6
0,84,27,6
0,84,28,6
0,85,1,0
0,85,2,0
0,85,3,6
0,85,4,6
0,85,5,6
0,85,6,6
0,85,7,6
0,85,8,6
0,85,9,6
0,85,10,6
0,85,11,6
0,85,12,6
0,85,13,6
0,85,14,6
0,85,15,6
0,85,16,6
0,85,17,6
0,85,18,6
0,85,19,6
0,85,20,6
0,85,21,6
0,85,22,6
0,85,23,6
0,85,24,6
0,85,25,6
0,85,26,6
0,85,27,6
0,85,28,6
0,86,1,0
0,86,2,0
0,86,3,6
0,86,4,6
0,86,5,6
0,86,6,6
0,86,7,6
0,86,8,6
0,86,9,6
0,86,10,6
0,86,11,6
0,86,12,6
0,86,13,6
0,86,14,6
0,86,15,6
0,86,16,6
0,86,17,6
0,86,18,6
0,86,19,6
0,86,20,6
0,86,21,6
0,86,22,6
0,86,23,6
0,86,24,6
0,86,25,6
0,86,26,6
0,86,27,6
0,86,28,6
0,87,1,0
0,87,2,0
0,87,3,6
0,87,4,6
0,87,5,6
0,87,6,6
0,87,7,6
0,87,8,6
0,87,9,6
0,87,10,6
0,87,11,6
0,87,12,6
0,87,13,6
0,87,14,6
0,87,15,6
0,87,16,6
0,87,17,6
0,87,18,6
0,87,19,6
0,87,20,6
0,87,21,6
0,87,22,6
0,87,23,6
0,87,24,6
0,87,25,6
0,87,26,6
0,87,27,6
0,87,28,6
0,88,1,0
0,88,2,0
0,88,3,6
0,88,4,6
0,88,5,6
0,88,6,6
0,88,7,6
0,88,8,6
0,88,9,6
0,88,10,6
0,88,11,6
0,88,12,6
0,88,13,6
0,88,14,6
0,88,15,6
0,88,16,6
0,88,17,6
0,88,18,6
0,88,19,6
0,88,20,6
0,88,21,6
0,88,22,6
0,88,23,6
0,88,24,6
0,88,25,6
0,88,26,6
0,88,27,6
0,88,28,6
0,89,1,0
0,89,2,0
0,89,3,6
0,89,4,6
0,89,5,6
0,89,6,6
0,89,7,6
0,89,8,6
0,89,9,6
0,89,10,6
0,89,11,6
0,89,12,6
0,89,13,6
0,89,14,6
0,89,15,6
0,89,16,6
0,89,17,6
0,89,18,6
0,89,19,6
0,89,20,6
0,89,21,6
0,89,22,6
0,89,23,6
0,89,24,6
0,89,25,6
0,89,26,6
0,89,27,6
0,89,28,6
0,90,1,0
0,90,2,0
0,90,3,6
0,90,4,6
0,90,5,6
0,90,6,6
0,90,7,6
0,90,8,6
0,90,9,6
0,90,10,6
0,90,11,6
0,90,12,6
0,90,13,6
0,90,14,6
0,90,15,6
0,90,16,6
0,90,17,6
0,90,18,6
0,90,19,6
0,90,20,6
0,90,21,6
0,90,22,6
0,90,23,6
0,90,24,6
0,90,25,6
0,90,26,6
0,90,27,6
0,90,28,6
0,91,1,0
0,91,2,0
0,91,3,6
0,91,4,6
0,91,5,6
0,91,6,6
0,91,7,6
0,91,8,6
0,91,9,6
0,91,10,6
0,91,11,6
0,91,12,6
0,91,13,6
0,91,14,6
0,91,15,6
0,91,16,6
0,91,17,6
0,91,18,6
0,91,19,6
0,91,20,6
0,91,21,6
0,91,22,6
0,91,23,6
0,91,24,6
0,91,25,6
0,91,26,6
0,91,27,6
0,91,28,6
0,92,1,0
0,92,2,0
0,92,3,6
0,92,4,6
0,92,5,6
0,92,6,6
0,92,7,6
0,92,8,6
0,92,9,6
0,92,10,6
0,92,11,6
0,92,12,6
0,92,13,6
0,92,14,6
0,92,15,6
0,92,16,6
0,92,17,6
0,92,18,6
0,92,19,6
0,92,20,6
0,92,21,6
0,92,22,6
0,92,23,6
0,92,24,6
0,92,25,6
0,92,26,6
0,92,27,6
0,92,28,6
0,93,1,0
0,93,2,0
0,93,3,6
0,93,4,6
0,93,5,6
0,93,6,6
0,93,7,6
0,93,8,6
0,93,9,6
0,93,10,6
0,93,11,6
0,93,12,6
0,93,13,6
0,93,14,6
0,93,15,6
0,93,16,6
0,93,17,6
0,93,18,6
0,93,19,6
0,93,20,6
0,93,21,6
0,93,22,6
0,93,23,6
0,93,24,6
0,93,25,6
0,93,26,6
0,93,27,6
0,93,28,6
0,94,1,0
0,94,2,0
0,94,3,6
0,94,4,6
0,94,5,6
0,94,6,6
0,94,7,6
0,94,8,6
0,94,9,6
0,94,10,6
0,94,11,6
0,94,12,6
0,94,13,6
0,94,14,6
0,94,15,6
0,94,16,6
0,94,17,6
0,94,18,6
0,94,19,6
0,94,20,6
0,94,21,6
0,94,22,6
0,94,23,6
0,94,24,6
0,94,25,6
0,94,26,6
0,94,27,6
0,94,28,6
0,95,1,0
0,95,2,0
0,95,3,6
0,95,4,6
0,95,5,6
0,95,6,6
0,95,7,6
0,95,8,6
0,95,9,6
0,95,10,6
0,95,11,6
0,95,12,6
0,95,13,6
0,95,14,6
0,95,15,6
0,95,16,6
0,95,17,6
0,95,18,6
0,95,19,6
0,95,20,6
0,95,21,6
0,95,22,6
0,95,23,6
0,95,24,6
0,95,25,6
0,95,26,6
0,95,27,6
0,95,28,6
0,96,1,0
0,96,2,0
0,96,3,6
0,96,4,6
0,96,5,6
0,96,6,6
0,96,7,6
0,96,8,6
0,96,9,6
0,96,10,6
0,96,11,6
0,96,12,6
0,96,13,6
0,96,14,6
0,96,15,6
0,96,16,6
0,96,17,6
0,96,18,6
0,96,19,6
0,96,20,6
0,96,21,6
0,96,22,6
0,96,23,6
0,96,24,6
0,96,25,6
0,96,26,6
0,96,27,6
0,96,28,6
0,97,1,0
0,97,2,0
0,97,3,6
0,97,4,6
0,97,5,6
0,97,6,6
0,97,7,6
0,97,8,6
0,97,9,6
0,97,10,6
0,97,11,6
0,97,12,6
0,97,13,6
0,97,14,6
0,97,15,6
0,97,16,6
0,97,17,6
0,97,18,6
0,97,19,6
0,97,20,6
0,97,21,6
0,97,22,6
0,97,23,6
0,97,24,6
0,97,25,6
0,97,26,6
0,97,27,6
0,97,28,6
0,98,1,0
0,98,2,0
0,98,3,6
0,98,4,6
0,98,5,6
0,98,6,6
0,98,7,6
0,98,8,6
0,98,9,6
0,98,10,6
0,98,11,6
0,98,12,6
0,98,13,6
0,98,14,6
0,98,15,6
0,98,16,6
0,98,17,6
0,98,18,6
0,98,19,6
0,98,20,6
0,98,21,6
0,98,22,6
0,98,23,6
0,98,24,6
0,98,25,6
0,98,26,6
0,98,27,6
0,98,28,6
0,99,1,0
0,99,2,0
0,99,3,6
0,99,4,6
0,99,5,6
0,99,6,6
0,99,7,6
0,99,8,6
0,99,9,6
0,99,10,6
0,99,11,6
0,99,12,6
0,99,13,6
0,99,14,6
0,99,15,6
0,99,16,6
0,99,17,6
0,99,18,6
0,99,19,6
0,99,20,6
0,99,21,6
0,99,22,6
0,99,23,6
0,99,24,6
0,99,25,6
0,99,26,6
0,99,27,6
0,99,28,6
0,100,1,0
0,100,2,0
0,100,3,6
0,100,4,6
0,100,5,6
0,100,6,6
0,100,7,6
0,100,8,6
0,100,9,6
0,100,10,6
0,100,11,6
0,100,12,6
0,100,13,6
0,100,14,6
0,100,15,6
0,100,16,6
0,100,17,6
0,100,18,6
0,100,19,6
0,100,20,6
0,100,21,6
0,100,22,6
0,100,23,6
0,100,24,6
0,100,25,6
0,100,26,6
0,100,27,6
0,100,28,6
0,101,1,0
0,101,2,0
0,101,3,6
0,101,4,6
0,101,5,6
0,101,6,6
0,101,7,6
0,101,8,6
0,101,9,6
0,101,10,6
0,101,11,6
0,101,12,6
0,101,13,6
0,101,14,6
0,101,15,6
0,101,16,6
0,101,17,6
0,101,18,6
0,101,19,6
0,101,20,6
0,101,21,6
0,101,22,6
0,101,23,6
0,101,24,6
0,101,25,6
0,101,26,6
0,101,27,6
0,101,28,6
0,102,1,0
0,102,2,0
0,102,3,6
0,102,4,6
0,102,5,6
0,102,6,6
0,102,7,6
0,102,8,6
0,102,9,6
0,102,10,6
0,102,11,6
0,102,12,6
0,102,13,6
0,102,14,6
0,102,15,6
0,102,16,6
0,102,17,6
0,102,18,6
0,102,19,6
0,102,20,6
0,102,21,6
0,102,22,6
0,102,23,6
0,102,24,6
0,102,25,6
0,102,26,6
0,102,27,6
0,102,28,6
0,103,1,0
0,103,2,0
0,103,3,6
0,103,4,6
0,103,5,6
0,103,6,6
0,103,7,6
0,103,8,6
0,103,9,6
0,103,10,6
0,103,11,6
0,103,12,6
0,103,13,6
0,103,14,6
0,103,15,6
0,103,16,6
0,103,17,6
0,103,18,6
0,103,19,6
0,103,20,6
0,103,21,6
0,103,22,6
0,103,23,6
0,103,24,6
0,103,25,6
0,103,26,6
0,103,27,6
0,103,28,6
0,104,1,0
0,104,2,0
0,104,3,6
0,104,4,6
0,104,5,6
0,104,6,6
0,104,7,6
0,104,8,6
0,104,9,6
0,104,10,6
0,104,11,6
0,104,12,6
0,104,13,6
0,104,14,6
0,104,15,6
0,104,16,6
0,104,17,6
0,104,18,6
0,104,19,6
0,104,20,6
0,104,21,6
0,104,22,6
0,104,23,6
0,104,24,6
0,104,25,6
0,104,26,6
0,104,27,6
0,104,28,6
0,105,1,0
0,105,2,0
0,105,3,6
0,105,4,6
0,105,5,6
0,105,6,6
0,105,7,6
0,105,8,6
0,105,9,6
0,105,10,6
0,105,11,6
0,105,12,6
0,105,13,6
0,105,14,6
0,105,15,6
0,105,16,6
0,105,17,6
0,105,18,6
0,105,19,6
0,105,20,6
0,105,21,6
0,105,22,6
0,105,23,6
0,105,24,6
0,105,25,6
0,105,26,6
0,105,27,6
0,105,28,6
0,106,1,0
0,106,2,0
0,106,3,6
0,106,4,6
0,106,5,6
0,106,6,6
0,106,7,6
0,106,8,6
0,106,9,6
0,106,10,6
0,106,11,6
0,106,12,6
0,106,13,6
0,106,14,6
0,106,15,6
0,106,16,6
0,106,17,6
0,106,18,6
0,106,19,6
0,106,20,6
0,106,21,6
0,106,22,6
0,106,23,6
0,106,24,6
0,106,25,6
0,106,26,6
0,106,27,6
0,106,28,6
0,107,1,0
0,107,2,0
0,107,3,6
0,107,4,6
0,107,5,6
0,107,6,6
0,107,7,6
0,107,8,6
0,107,9,6
0,107,10,6
0,107,11,6
0,107,12,6
0,107,13,6
0,107,14,6
0,107,15,6
0,107,16,6
0,107,17,6
0,107,18,6
0,107,19,6
0,107,20,6
0,107,21,6
0,107,22,6
0,107,23,6
0,107,24,6
0,107,25,6
0,107,26,6
0,107,27,6
0,107,28,6
0,108,1,0
0,108,2,0
0,108,3,6
0,108,4,6
0,108,5,6
0,108,6,6
0,108,7,6
0,108,8,6
0,108,9,6
0,108,10,6
0,108,11,6
0,108,12,6
0,108,13,6
0,108,14,6
0,108,15,6
0,108,16,6
0,108,17,6
0,108,18,6
0,108,19,6
0,108,20,6
0,108,21,6
0,108,22,6
0,108,23,6
0,108,24,6
0,108,25,6
0,108,26,6
0,108,27,6
0,108,28,6
0,109,1,0
0,109,2,0
0,109,3,0
0,109,4,6
0,109,5,6
0,109,6,6
0,109,7,6
0,109,8,6
0,109,9,6
0,109,10,6
0,109,11,6
0,109,12,6
0,109,13,6
0,109,14,6
0,109,15,6
0,109,16,6
0,109,17,6
0,109,18,6
0,109,19,6
0,109,20,6
0,109,21,6
0,109,22,6
0,109,23,6
0,109,24,6
0,109,25,6
0,109,26,6
0,109,27,6
0,109,28,6
0,110,1,0
0,110,2,0
0,110,3,0
0,110,4,0
0,110,5,6
0,110,6,6
0,110,7,6
0,110,8,6
0,110,9,6
0,110,10,6
0,110,11,6
0,110,12,6
0,110,13,6
0,110,14,6
0,110,15,6
0,110,16,6
0,110,17,6
0,110,18,6
0,110,19,6
0,110,20,6
0,110,21,6
0,110,22,6
0,110,23,6
0,110,24,6
0,110,25,6
0,110,26,6
0,110,27,6
0,110,28,6
0,111,1,0
0,111,2,0
0,111,3,0
0,111,4,0
0,111,5,0
0,111,6,6
0,111,7,6
0,111,8,6
0,111,9,6
0,111,10,6
0,111,11,6
0,111,12,6
0,111,13,6
0,111,14,6
0,111,15,6
0,111,16,6
0,111,17,6
0,111,18,6
0,111,19,6
0,111,20,6
0,111,21,6
0,111,22,6
0,111,23,6
0,111,24,6
0,111,25,6
0,111,26,6
0,111,27,6
0,111,28,6
0,112,1,0
0,112,2,0
0,112,3,0
0,112,4,0
0,112,5,0
0,112,6,0
0,112,7,6
0,112,8,6
0,112,9,6
0,112,10,6
0,112,11,6
0,112,12,0
0,112,13,6
0,112,14,6
0,112,15,6
0,112,16,6
0,112,17,6
0,112,18,6
0,112,19,6
0,112,20,6
0,112,21,6
0,112,22,6
0,112,23,6
0,112,24,6
0,112,25,6
0,112,26,6
0,112,27,6
0,112,28,6
0,113,1,0
0,113,2,0
0,113,3,0
0,113,4,0
0,113,5,0
0,113,6,0
0,113,7,0
0,113,8,6
0,113,9,6
0,113,10,6
0,113,11,6
0,113,12,6
0,113,13,0
0,113,14,6
0,113,15,6
0,113,16,6
0,113,17,6
0,113,18,6
0,113,19,6
0,113,20,6
0,113,21,0
0,113,22,6
0,113,23,6
0,113,24,6
0,113,25,6
0,113,26,6
0,113,27,6
0,113,28,6
0,114,1,0
0,114,2,0
0,114,3,0
0,114,4,0
0,114,5,0
0,114,6,0
0,114,7,0
0,114,8,0
0,114,9,6
0,114,10,0
0,114,11,0
0,114,12,0
0,114,13,6
0,114,14,0
0,114,15,6
0,114,16,6
0,114,17,6
0,114,18,6
0,114,19,6
0,114,20,6
0,114,21,6
0,114,22,0
0,114,23,6
0,114,24,6
0,114,25,6
0,114,26,6
0,114,27,6
0,114,28,6
0,115,1,0
0,115,2,0
0,115,3,0
0,115,4,0
0,115,5,0
0,115,6,0
0,115,7,0
0,115,8,0
0,115,9,0
0,115,10,6
0,115,11,0
0,115,12,0
0,115,13,0
0,115,14,6
0,115,15,0
0,115,16,6
0,115,17,6
0,115,18,6
0,115,19,6
0,115,20,6
0,115,21,6
0,115,22,6
0,115,23,0
0,115,24,6
0,115,25,6
0,115,26,6
0,115,27,6
0,115,28,6
0,116,1,0
0,116,2,0
0,116,3,0
0,116,4,0
0,116,5,0
0,116,6,0
0,116,7,0
0,116,8,0
0,116,9,0
0,116,10,0
0,116,11,6
0,116,12,0
0,116,13,0
0,116,14,0
0,116,15,6
0,116,16,0
0,116,17,6
0,116,18,6
0,116,19,0
0,116,20,0
0,116,21,0
0,116,22,6
0,116,23,6
0,116,24,0
0,116,25,6
0,116,26,6
0,116,27,6
0,116,28,6
0,117,1,0
0,117,2,0
0,117,3,0
0,117,4,0
0,117,5,0
0,117,6,0
0,117,7,0
0,117,8,0
0,117,9,0
0,117,10,0
0,117,11,0
0,117,12,6
0,117,13,0
0,117,14,0
0,117,15,0
0,117,16,6
0,117,17,0
0,117,18,6
0,117,19,6
0,117,20,0
0,117,21,0
0,117,22,0
0,117,23,6
0,117,24,6
0,117,25,0
0,117,26,6
0,117,27,6
0,117,28,6
0,118,1,0
0,118,2,0
0,118,3,0
0,118,4,0
0,118,5,0
0,118,6,0
0,118,7,0
0,118,8,0
0,118,9,0
0,118,10,0
0,118,11,0
0,118,12,0
0,118,13,0
0,118,14,0
0,118,15,0
0,118,16,0
0,118,17,6
0,118,18,0
0,118,19,6
0,118,20,6
0,118,21,0
0,118,22,0
0,118,23,0
0,118,24,6
0,118,25,6
0,118,26,0
0,118,27,6
0,118,28,6
0,119,1,0
0,119,2,0
0,119,3,0
0,119,4,0
0,119,5,0
0,119,6,0
0,119,7,0
0,119,8,0
0,119,9,0
0,119,10,0
0,119,11,0
0,119,12,0
0,119,13,0
0,119,14,0
0,119,15,0
0,119,16,0
0,119,17,0
0,119,18,6
0,119,19,0
0,119,20,0
0,119,21,6
0,119,22,0
0,119,23,0
0,119,24,0
0,119,25,6
0,119,26,6
0,119,27,0
0,119,28,6
0,120,1,0
0,120,2,0
0,120,3,0
0,120,4,0
0,120,5,0
0,120,6,0
0,120,7,0
0,120,8,0
0,120,9,0
0,120,10,0
0,120,11,0
0,120,12,0
0,120,13,0
0,120,14,0
0,120,15,0
0,120,16,0
0,120,17,0
0,120,18,0
0,120,19,6
0,120,20,0
0,120,21,0
0,120,22,6
0,120,23,0
0,120,24,0
0,120,25,0
0,120,26,6
0,120,27,6
0,120,28,0
0,121,1,0
0,121,2,0
0,121,3,0
0,121,4,0
0,121,5,0
0,121,6,0
0,121,7,0
0,121,8,0
0,121,9,0
0,121,10,0
0,121,11,0
0,121,12,0
0,121,13,0
0,121,14,0
0,121,15,0
0,121,16,0
0,121,17,0
0,121,18,0
0,121,19,0
0,121,20,6
0,121,21,0
0,121,22,0
0,121,23,6
0,121,24,0
0,121,25,0
0,121,26,0
0,121,27,6
0,121,28,6
0,122,1,0
0,122,2,0
0,122,3,0
0,122,4,0
0,122,5,0
0,122,6,0
0,122,7,0
0,122,8,0
0,122,9,0
0,122,10,0
0,122,11,0
0,122,12,0
0,122,13,0
0,122,14,0
0,122,15,0
0,122,16,0
0,122,17,0
0,122,18,0
0,122,19,0
0,122,20,0
0,122,21,6
0,122,22,0
0,122,23,0
0,122,24,6
0,122,25,0
0,122,26,0
0,122,27,0
0,122,28,6
0,123,1,0
0,123,2,0
0,123,3,0
0,123,4,0
0,123,5,0
0,123,6,0
0,123,7,0
0,123,8,0
0,123,9,0
0,123,10,0
0,123,11,0
0,123,12,0
0,123,13,0
0,123,14,0
0,123,15,0
0,123,16,0
0,123,17,0
0,123,18,0
0,123,19,0
0,123,20,0
0,123,21,0
0,123,22,6
0,123,23,0
0,123,24,0
0,123,25,6
0,123,26,0
0,123,27,0
0,123,28,0
0,124,1,0
0,124,2,0
0,124,3,0
0,124,4,0
0,124,5,0
0,124,6,0
0,124,7,0
0,124,8,0
0,124,9,0
0,124,10,0
0,124,11,0
0,124,12,0
0,124,13,0
0,124,14,0
0,124,15,0
0,124,16,0
0,124,17,0
0,124,18,0
0,124,19,0
0,124,20,0
0,124,21,0
0,124,22,0
0,124,23,6
0,124,24,0
0,124,25,0
0,124,26,6
0,124,27,0
0,124,28,0
0,125,1,0
0,125,2,0
0,125,3,0
0,125,4,0
0,125,5,0
0,125,6,0
0,125,7,0
0,125,8,0
0,125,9,0
0,125,10,0
0,125,11,0
0,125,12,0
0,125,13,0
0,125,14,0
0,125,15,0
0,125,16,0
0,125,17,0
0,125,18,0
0,125,19,0
0,125,20,0
0,125,21,0
0,125,22,0
0,125,23,0
0,125,24,6
0,125,25,0
0,125,26,0
0,125,27,6
0,125,28,0
0,126,1,0
0,126,2,0
0,126,3,0
0,126,4,0
0,126,5,0
0,126,6,0
0,126,7,0
0,126,8,0
0,126,9,0
0,126,10,0
0,126,11,0
0,126,12,0
0,126,13,0
0,126,14,0
0,126,15,0
0,126,16,0
0,126,17,0
0,126,18,0
0,126,19,0
0,126,20,0
0,126,21,0
0,126,22,0
0,126,23,0
0,126,24,0
0,126,25,6
0,126,26,0
0,126,27,0
0,126,28,6
0,127,1,0
0,127,2,0
0,127,3,0
0,127,4,0
0,127,5,0
0,127,6,0
0,127,7,0
0,127,8,0
0,127,9,0
0,127,10,0
0,127,11,0
0,127,12,0
0,127,13,0
0,127,14,0
0,127,15,0
0,127,16,0
0,127,17,0
0,127,18,0
0,127,19,0
0,127,20,0
0,127,21,0
0,127,22,0
0,127,23,0
0,127,24,0
0,127,25,0
0,127,26,0
0,127,27,0
0,127,28,0
0,128,1,0
0,128,2,0
0,128,3,0
0,128,4,0
0,128,5,0
0,128,6,0
0,128,7,0
0,128,8,0
0,128,9,0
0,128,10,0
0,128,11,0
0,128,12,0
0,128,13,0
0,128,14,0
0,128,15,0
0,128,16,0
0,128,17,0
0,128,18,0
0,128,19,0
0,128,20,0
0,128,21,0
0,128,22,0
0,128,23,0
0,128,24,0
0,128,25,0
0,128,26,0
0,128,27,0
0,128,28,0
0,129,1,0
0,129,2,0
0,129,3,0
0,129,4,0
0,129,5,0
0,129,6,0
0,129,7,0
0,129,8,0
0,129,9,0
0,129,10,0
0,129,11,0
0,129,12,0
0,129,13,0
0,129,14,0
0,129,15,0
0,129,16,0
0,129,17,0
0,129,18,0
0,129,19,0
0,129,20,0
0,129,21,0
0,129,22,0
0,129,23,0
0,129,24,0
0,129,25,0
0,129,26,0
0,129,27,0
0,129,28,0
0,130,1,0
0,130,2,0
0,130,3,0
0,130,4,0
0,130,5,0
0,130,6,0
0,130,7,0
0,130,8,0
0,130,9,0
0,130,10,0
0,130,11,0
0,130,12,0
0,130,13,0
0,130,14,0
0,130,15,0
0,130,16,0
0,130,17,0
0,130,18,0
0,130,19,0
0,130,20,0
0,130,21,0
0,130,22,0
0,130,23,0
0,130,24,0
0,130,25,0
0,130,26,0
0,130,27,0
0,130,28,0
0,131,1,0
0,131,2,0
0,131,3,0
0,131,4,0
0,131,5,0
0,131,6,0
0,131,7,0
0,131,8,0
0,131,9,0
0,131,10,0
0,131,11,0
0,131,12,0
0,131,13,0
0,131,14,0
0,131,15,0
0,131,16,0
0,131,17,0
0,131,18,0
0,131,19,0
0,131,20,0
0,131,21,0
0,131,22,0
0,131,23,0
0,131,24,0
0,131,25,0
0,131,26,0
0,131,27,0
0,131,28,0
0,132,1,0
0,132,2,0
0,132,3,0
0,132,4,0
0,132,5,0
0,132,6,0
0,132,7,0
0,132,8,0
0,132,9,0
0,132,10,0
0,132,11,0
0,132,12,0
0,132,13,0
0,132,14,0
0,132,15,0
0,132,16,0
0,132,17,0
0,132,18,0
0,132,19,0
0,132,20,0
0,132,21,0
0,132,22,0
0,132,23,0
0,132,24,0
0,132,25,0
0,132,26,0
0,132,27,0
0,132,28,0
0,133,1,0
0,133,2,0
0,133,3,0
0,133,4,6
0,133,5,6
0,133,6,6
0,133,7,6
0,133,8,6
0,133,9,6
0,133,10,6
0,133,11,6
0,133,12,6
0,133,13,6
0,133,14,6
0,133,15,6
0,133,16,6
0,133,17,6
0,133,18,6
0,133,19,6
0,133,20,6
0,133,21,6
0,133,22,6
0,133,23,6
0,133,24,6
0,133,25,6
0,133,26,6
0,133,27,6
0,133,28,6
