Id,State_id,Cycle_id,Population,Model_id
0,0,0,22400,0
1,1,0,0,0
2,2,0,0,0
3,3,0,0,0
4,4,0,0,0
5,5,0,0,0
6,6,0,0,0
7,7,0,0,0
8,8,0,0,0
9,9,0,0,0
10,10,0,22400,1
11,11,0,0,1
12,12,0,0,1
13,13,0,0,1
14,14,0,0,1
15,15,0,0,1
16,16,0,22400,2
17,17,0,0,2
18,18,0,0,2
19,19,0,0,2
20,20,0,0,2
21,21,0,0,2
22,22,0,22400,3
23,23,0,0,3
24,24,0,0,3
25,25,0,0,3
26,26,0,0,3
27,27,0,0,3
28,28,0,22400,4
29,29,0,0,4
30,30,0,0,4
31,31,0,0,4
32,32,0,0,4
33,33,0,22400,5
34,34,0,0,5
35,35,0,0,5
36,36,0,0,5
37,37,0,22400,6
38,38,0,0,6
39,39,0,0,6
40,40,0,0,6
41,41,0,22401,7
42,42,0,0,7
43,43,0,0,7
44,44,0,0,7
45,45,0,0,7
46,46,0,0,7
47,47,0,0,7
48,48,0,0,7
49,49,0,0,7
50,50,0,0,7
51,51,0,0,7
52,52,0,0,7
53,53,0,0,7
54,54,0,0,7
55,55,0,0,7
56,56,0,0,7
57,57,0,0,7
58,58,0,0,7
59,59,0,0,7
60,60,0,0,7
61,61,0,0,7
62,62,0,0,7
63,63,0,0,7
64,64,0,0,7
65,65,0,0,7
66,66,0,0,7
67,67,0,0,7
68,68,0,0,7
69,69,0,0,7
70,70,0,0,7
71,71,0,0,7
72,72,0,0,7
73,73,0,0,7
74,74,0,0,7
75,75,0,0,7
76,76,0,0,7
77,77,0,0,7
78,78,0,0,7
79,79,0,0,7
80,80,0,0,7
81,81,0,0,7
82,82,0,0,7
83,83,0,0,7
84,84,0,0,7
85,85,0,0,7
86,86,0,0,7
87,87,0,0,7
88,88,0,0,7
89,89,0,0,7
90,90,0,0,7
91,91,0,0,7
92,92,0,0,7
93,93,0,0,7
94,94,0,0,7
95,95,0,0,7
96,96,0,0,7
97,97,0,0,7
98,98,0,0,7
99,99,0,0,7
100,100,0,0,7
101,101,0,0,7
102,102,0,0,7
103,103,0,0,7
104,104,0,0,7
105,105,0,0,7
106,106,0,0,7
107,107,0,0,7
108,108,0,0,7
109,109,0,0,7
110,110,0,0,7
111,111,0,0,7
112,112,0,0,7
113,113,0,0,7
114,114,0,0,7
115,115,0,0,7
116,116,0,0,7
117,117,0,0,7
118,118,0,0,7
119,119,0,0,7
120,120,0,0,7
121,121,0,0,7
122,122,0,0,7
123,123,0,0,7
124,124,0,0,7
125,125,0,0,7
126,126,0,0,7
127,127,0,0,7
128,128,0,0,7
129,129,0,0,7
130,130,0,0,7
131,131,0,0,7
132,132,0,0,7
133,133,0,0,7
134,0,1,0,0
135,1,1,22400,0
136,2,1,0,0
137,3,1,0,0
138,4,1,0,0
139,5,1,0,0
140,6,1,0,0
141,7,1,0,0
142,8,1,0,0
143,9,1,0,0
144,10,1,0,1
145,11,1,22400,1
146,12,1,0,1
147,13,1,0,1
148,14,1,0,1
149,15,1,0,1
150,16,1,0,2
151,17,1,22400,2
152,18,1,0,2
153,19,1,0,2
154,20,1,0,2
155,21,1,0,2
156,22,1,0,3
157,23,1,22400,3
158,24,1,0,3
159,25,1,0,3
160,26,1,0,3
161,27,1,0,3
162,28,1,0,4
163,29,1,16561,4
164,30,1,2689,4
165,31,1,3150,4
166,32,1,0,4
167,33,1,0,5
168,34,1,10759,5
169,35,1,11641,5
170,36,1,0,5
171,37,1,0,6
172,38,1,15741,6
173,39,1,6659,6
174,40,1,0,6
175,41,1,0,7
176,42,1,428,7
177,43,1,401,7
178,44,1,433,7
179,45,1,479,7
180,46,1,418,7
181,47,1,444,7
182,48,1,412,7
183,49,1,424,7
184,50,1,418,7
185,51,1,368,7
186,52,1,407,7
187,53,1,421,7
188,54,1,379,7
189,55,1,403,7
190,56,1,402,7
191,57,1,425,7
192,58,1,393,7
193,59,1,387,7
194,60,1,407,7
195,61,1,390,7
196,62,1,476,7
197,63,1,410,7
198,64,1,425,7
199,65,1,469,7
200,66,1,369,7
201,67,1,430,7
202,68,1,429,7
203,69,1,449,7
204,70,1,480,7
205,71,1,449,7
206,72,1,435,7
207,73,1,455,7
208,74,1,431,7
209,75,1,455,7
210,76,1,438,7
211,77,1,385,7
212,78,1,406,7
213,79,1,405,7
214,80,1,365,7
215,81,1,382,7
216,82,1,348,7
217,83,1,312,7
218,84,1,334,7
219,85,1,319,7
220,86,1,331,7
221,87,1,257,7
222,88,1,255,7
223,89,1,286,7
224,90,1,261,7
225,91,1,237,7
226,92,1,176,7
227,93,1,177,7
228,94,1,187,7
229,95,1,177,7
230,96,1,177,7
231,97,1,131,7
232,98,1,151,7
233,99,1,166,7
234,100,1,145,7
235,101,1,135,7
236,102,1,105,7
237,103,1,110,7
238,104,1,112,7
239,105,1,97,7
240,106,1,109,7
241,107,1,523,7
242,108,1,0,7
243,109,1,0,7
244,110,1,0,7
245,111,1,0,7
246,112,1,0,7
247,113,1,0,7
248,114,1,0,7
249,115,1,0,7
250,116,1,0,7
251,117,1,0,7
252,118,1,0,7
253,119,1,0,7
254,120,1,0,7
255,121,1,0,7
256,122,1,0,7
257,123,1,0,7
258,124,1,0,7
259,125,1,0,7
260,126,1,0,7
261,127,1,0,7
262,128,1,0,7
263,129,1,0,7
264,130,1,0,7
265,131,1,0,7
266,132,1,0,7
267,133,1,0,7
268,0,2,0,0
269,1,2,416,0
270,2,2,15669,0
271,3,2,5268,0
272,4,2,1320,0
273,5,2,143,0
274,6,2,0,0
275,7,2,0,0
276,8,2,0,0
277,9,2,0,0
278,10,2,0,1
279,11,2,416,1
280,12,2,20851,1
281,13,2,1549,1
282,14,2,0,1
283,15,2,0,1
284,16,2,0,2
285,17,2,416,2
286,18,2,20324,2
287,19,2,2076,2
288,20,2,0,2
289,21,2,0,2
290,22,2,0,3
291,23,2,416,3
292,24,2,6535,3
293,25,2,7538,3
294,26,2,8327,3
295,27,2,0,3
296,28,2,0,4
297,29,2,16863,4
298,30,2,2744,4
299,31,2,3209,4
300,32,2,0,4
301,33,2,0,5
302,34,2,10958,5
303,35,2,11858,5
304,36,2,0,5
305,37,2,0,6
306,38,2,15573,6
307,39,2,7243,6
308,40,2,0,6
309,41,2,0,7
310,42,2,8,7
311,43,2,434,7
312,44,2,408,7
313,45,2,438,7
314,46,2,489,7
315,47,2,424,7
316,48,2,452,7
317,49,2,419,7
318,50,2,436,7
319,51,2,423,7
320,52,2,372,7
321,53,2,411,7
322,54,2,432,7
323,55,2,386,7
324,56,2,407,7
325,57,2,413,7
326,58,2,433,7
327,59,2,405,7
328,60,2,393,7
329,61,2,412,7
330,62,2,396,7
331,63,2,485,7
332,64,2,417,7
333,65,2,436,7
334,66,2,477,7
335,67,2,380,7
336,68,2,440,7
337,69,2,442,7
338,70,2,455,7
339,71,2,489,7
340,72,2,457,7
341,73,2,444,7
342,74,2,470,7
343,75,2,436,7
344,76,2,462,7
345,77,2,444,7
346,78,2,389,7
347,79,2,415,7
348,80,2,412,7
349,81,2,373,7
350,82,2,389,7
351,83,2,355,7
352,84,2,322,7
353,85,2,344,7
354,86,2,331,7
355,87,2,332,7
356,88,2,261,7
357,89,2,257,7
358,90,2,289,7
359,91,2,264,7
360,92,2,243,7
361,93,2,179,7
362,94,2,181,7
363,95,2,191,7
364,96,2,181,7
365,97,2,179,7
366,98,2,133,7
367,99,2,154,7
368,100,2,170,7
369,101,2,147,7
370,102,2,138,7
371,103,2,105,7
372,104,2,110,7
373,105,2,113,7
374,106,2,99,7
375,107,2,112,7
376,108,2,523,7
377,109,2,0,7
378,110,2,0,7
379,111,2,0,7
380,112,2,0,7
381,113,2,0,7
382,114,2,0,7
383,115,2,0,7
384,116,2,0,7
385,117,2,0,7
386,118,2,0,7
387,119,2,0,7
388,120,2,0,7
389,121,2,0,7
390,122,2,0,7
391,123,2,0,7
392,124,2,0,7
393,125,2,0,7
394,126,2,0,7
395,127,2,0,7
396,128,2,0,7
397,129,2,0,7
398,130,2,0,7
399,131,2,0,7
400,132,2,0,7
401,133,2,0,7
402,0,3,0,0
403,1,3,416,0
404,2,3,15682,0
405,3,3,5331,0
406,4,3,1339,0
407,5,3,144,0
408,6,3,8,0
409,7,3,0,0
410,8,3,209,0
411,9,3,103,0
412,10,3,0,1
413,11,3,416,1
414,12,3,20897,1
415,13,3,1607,1
416,14,3,36,1
417,15,3,276,1
418,16,3,0,2
419,17,3,416,2
420,18,3,20296,2
421,19,3,2208,2
422,20,3,67,2
423,21,3,245,2
424,22,3,0,3
425,23,3,416,3
426,24,3,6431,3
427,25,3,7665,3
428,26,3,8408,3
429,27,3,312,3
430,28,3,0,4
431,29,3,16927,4
432,30,3,2760,4
433,31,3,3233,4
434,32,3,312,4
435,33,3,0,5
436,34,3,10995,5
437,35,3,11925,5
438,36,3,312,5
439,37,3,0,6
440,38,3,15258,6
441,39,3,7662,6
442,40,3,312,6
443,41,3,0,7
444,42,3,10,7
445,43,3,17,7
446,44,3,437,7
447,45,3,410,7
448,46,3,439,7
449,47,3,499,7
450,48,3,422,7
451,49,3,451,7
452,50,3,429,7
453,51,3,442,7
454,52,3,422,7
455,53,3,373,7
456,54,3,419,7
457,55,3,432,7
458,56,3,388,7
459,57,3,407,7
460,58,3,415,7
461,59,3,437,7
462,60,3,407,7
463,61,3,400,7
464,62,3,414,7
465,63,3,402,7
466,64,3,493,7
467,65,3,418,7
468,66,3,438,7
469,67,3,475,7
470,68,3,386,7
471,69,3,443,7
472,70,3,450,7
473,71,3,457,7
474,72,3,493,7
475,73,3,461,7
476,74,3,453,7
477,75,3,478,7
478,76,3,440,7
479,77,3,466,7
480,78,3,459,7
481,79,3,388,7
482,80,3,416,7
483,81,3,415,7
484,82,3,374,7
485,83,3,387,7
486,84,3,352,7
487,85,3,324,7
488,86,3,349,7
489,87,3,331,7
490,88,3,329,7
491,89,3,265,7
492,90,3,256,7
493,91,3,288,7
494,92,3,257,7
495,93,3,238,7
496,94,3,181,7
497,95,3,177,7
498,96,3,196,7
499,97,3,180,7
500,98,3,178,7
501,99,3,128,7
502,100,3,150,7
503,101,3,165,7
504,102,3,144,7
505,103,3,139,7
506,104,3,102,7
507,105,3,105,7
508,106,3,111,7
509,107,3,105,7
510,108,3,105,7
511,109,3,503,7
512,110,3,0,7
513,111,3,0,7
514,112,3,0,7
515,113,3,0,7
516,114,3,0,7
517,115,3,0,7
518,116,3,0,7
519,117,3,0,7
520,118,3,0,7
521,119,3,0,7
522,120,3,0,7
523,121,3,0,7
524,122,3,0,7
525,123,3,0,7
526,124,3,0,7
527,125,3,0,7
528,126,3,0,7
529,127,3,0,7
530,128,3,0,7
531,129,3,0,7
532,130,3,0,7
533,131,3,0,7
534,132,3,0,7
535,133,3,312,7
536,0,4,0,0
537,1,4,416,0
538,2,4,15650,0
539,3,4,5440,0
540,4,4,1344,0
541,5,4,148,0
542,6,4,11,0
543,7,4,3,0
544,8,4,420,0
545,9,4,216,0
546,10,4,0,1
547,11,4,416,1
548,12,4,20909,1
549,13,4,1684,1
550,14,4,74,1
551,15,4,565,1
552,16,4,0,2
553,17,4,416,2
554,18,4,20232,2
555,19,4,2361,2
556,20,4,142,2
557,21,4,497,2
558,22,4,0,3
559,23,4,416,3
560,24,4,6316,3
561,25,4,7796,3
562,26,4,8481,3
563,27,4,639,3
564,28,4,0,4
565,29,4,16991,4
566,30,4,2774,4
567,31,4,3244,4
568,32,4,639,4
569,33,4,0,5
570,34,4,11028,5
571,35,4,11981,5
572,36,4,639,5
573,37,4,0,6
574,38,4,14917,6
575,39,4,8092,6
576,40,4,639,6
577,41,4,0,7
578,42,4,8,7
579,43,4,17,7
580,44,4,23,7
581,45,4,443,7
582,46,4,415,7
583,47,4,441,7
584,48,4,505,7
585,49,4,433,7
586,50,4,456,7
587,51,4,434,7
588,52,4,449,7
589,53,4,420,7
590,54,4,369,7
591,55,4,421,7
592,56,4,443,7
593,57,4,395,7
594,58,4,409,7
595,59,4,418,7
596,60,4,440,7
597,61,4,409,7
598,62,4,404,7
599,63,4,418,7
600,64,4,397,7
601,65,4,491,7
602,66,4,420,7
603,67,4,443,7
604,68,4,477,7
605,69,4,395,7
606,70,4,445,7
607,71,4,457,7
608,72,4,462,7
609,73,4,496,7
610,74,4,464,7
611,75,4,455,7
612,76,4,482,7
613,77,4,439,7
614,78,4,464,7
615,79,4,459,7
616,80,4,393,7
617,81,4,424,7
618,82,4,414,7
619,83,4,378,7
620,84,4,390,7
621,85,4,354,7
622,86,4,328,7
623,87,4,350,7
624,88,4,331,7
625,89,4,329,7
626,90,4,269,7
627,91,4,253,7
628,92,4,288,7
629,93,4,255,7
630,94,4,235,7
631,95,4,180,7
632,96,4,176,7
633,97,4,196,7
634,98,4,175,7
635,99,4,178,7
636,100,4,126,7
637,101,4,149,7
638,102,4,158,7
639,103,4,143,7
640,104,4,135,7
641,105,4,98,7
642,106,4,104,7
643,107,4,114,7
644,108,4,99,7
645,109,4,98,7
646,110,4,473,7
647,111,4,0,7
648,112,4,0,7
649,113,4,0,7
650,114,4,0,7
651,115,4,0,7
652,116,4,0,7
653,117,4,0,7
654,118,4,0,7
655,119,4,0,7
656,120,4,0,7
657,121,4,0,7
658,122,4,0,7
659,123,4,0,7
660,124,4,0,7
661,125,4,0,7
662,126,4,0,7
663,127,4,0,7
664,128,4,0,7
665,129,4,0,7
666,130,4,0,7
667,131,4,0,7
668,132,4,0,7
669,133,4,639,7
670,0,5,0,0
671,1,5,416,0
672,2,5,15664,0
673,3,5,5490,0
674,4,5,1351,0
675,5,5,154,0
676,6,5,12,0
677,7,5,7,0
678,8,5,634,0
679,9,5,336,0
680,10,5,0,1
681,11,5,416,1
682,12,5,20934,1
683,13,5,1737,1
684,14,5,135,1
685,15,5,842,1
686,16,5,0,2
687,17,5,416,2
688,18,5,20168,2
689,19,5,2503,2
690,20,5,201,2
691,21,5,776,2
692,22,5,0,3
693,23,5,416,3
694,24,5,6260,3
695,25,5,7836,3
696,26,5,8575,3
697,27,5,977,3
698,28,5,0,4
699,29,5,17054,4
700,30,5,2786,4
701,31,5,3247,4
702,32,5,977,4
703,33,5,0,5
704,34,5,11049,5
705,35,5,12038,5
706,36,5,977,5
707,37,5,0,6
708,38,5,14634,6
709,39,5,8453,6
710,40,5,977,6
711,41,5,0,7
712,42,5,11,7
713,43,5,20,7
714,44,5,22,7
715,45,5,31,7
716,46,5,445,7
717,47,5,416,7
718,48,5,444,7
719,49,5,501,7
720,50,5,441,7
721,51,5,459,7
722,52,5,431,7
723,53,5,455,7
724,54,5,425,7
725,55,5,370,7
726,56,5,422,7
727,57,5,452,7
728,58,5,399,7
729,59,5,415,7
730,60,5,426,7
731,61,5,444,7
732,62,5,405,7
733,63,5,406,7
734,64,5,422,7
735,65,5,404,7
736,66,5,493,7
737,67,5,425,7
738,68,5,448,7
739,69,5,480,7
740,70,5,399,7
741,71,5,451,7
742,72,5,458,7
743,73,5,460,7
744,74,5,495,7
745,75,5,466,7
746,76,5,457,7
747,77,5,485,7
748,78,5,446,7
749,79,5,463,7
750,80,5,460,7
751,81,5,393,7
752,82,5,422,7
753,83,5,413,7
754,84,5,381,7
755,85,5,391,7
756,86,5,350,7
757,87,5,327,7
758,88,5,349,7
759,89,5,328,7
760,90,5,325,7
761,91,5,277,7
762,92,5,252,7
763,93,5,284,7
764,94,5,255,7
765,95,5,237,7
766,96,5,181,7
767,97,5,173,7
768,98,5,198,7
769,99,5,172,7
770,100,5,180,7
771,101,5,128,7
772,102,5,147,7
773,103,5,153,7
774,104,5,137,7
775,105,5,134,7
776,106,5,96,7
777,107,5,105,7
778,108,5,110,7
779,109,5,94,7
780,110,5,90,7
781,111,5,453,7
782,112,5,0,7
783,113,5,0,7
784,114,5,0,7
785,115,5,0,7
786,116,5,0,7
787,117,5,0,7
788,118,5,0,7
789,119,5,0,7
790,120,5,0,7
791,121,5,0,7
792,122,5,0,7
793,123,5,0,7
794,124,5,0,7
795,125,5,0,7
796,126,5,0,7
797,127,5,0,7
798,128,5,0,7
799,129,5,0,7
800,130,5,0,7
801,131,5,0,7
802,132,5,0,7
803,133,5,977,7
804,0,6,0,0
805,1,6,416,0
806,2,6,15672,0
807,3,6,5522,0
808,4,6,1359,0
809,5,6,158,0
810,6,6,13,0
811,7,6,12,0
812,8,6,877,0
813,9,6,451,0
814,10,6,0,1
815,11,6,416,1
816,12,6,20927,1
817,13,6,1797,1
818,14,6,175,1
819,15,6,1165,1
820,16,6,0,2
821,17,6,416,2
822,18,6,20086,2
823,19,6,2638,2
824,20,6,276,2
825,21,6,1064,2
826,22,6,0,3
827,23,6,416,3
828,24,6,6231,3
829,25,6,7877,3
830,26,6,8616,3
831,27,6,1340,3
832,28,6,0,4
833,29,6,17095,4
834,30,6,2785,4
835,31,6,3260,4
836,32,6,1340,4
837,33,6,0,5
838,34,6,11052,5
839,35,6,12088,5
840,36,6,1340,5
841,37,6,0,6
842,38,6,14419,6
843,39,6,8721,6
844,40,6,1340,6
845,41,6,0,7
846,42,6,11,7
847,43,6,15,7
848,44,6,32,7
849,45,6,29,7
850,46,6,38,7
851,47,6,449,7
852,48,6,416,7
853,49,6,449,7
854,50,6,505,7
855,51,6,439,7
856,52,6,463,7
857,53,6,430,7
858,54,6,455,7
859,55,6,429,7
860,56,6,369,7
861,57,6,421,7
862,58,6,458,7
863,59,6,404,7
864,60,6,419,7
865,61,6,425,7
866,62,6,447,7
867,63,6,407,7
868,64,6,409,7
869,65,6,425,7
870,66,6,403,7
871,67,6,498,7
872,68,6,429,7
873,69,6,458,7
874,70,6,485,7
875,71,6,397,7
876,72,6,451,7
877,73,6,458,7
878,74,6,462,7
879,75,6,497,7
880,76,6,466,7
881,77,6,462,7
882,78,6,486,7
883,79,6,443,7
884,80,6,461,7
885,81,6,464,7
886,82,6,387,7
887,83,6,424,7
888,84,6,413,7
889,85,6,383,7
890,86,6,386,7
891,87,6,355,7
892,88,6,325,7
893,89,6,353,7
894,90,6,333,7
895,91,6,326,7
896,92,6,276,7
897,93,6,248,7
898,94,6,287,7
899,95,6,254,7
900,96,6,234,7
901,97,6,176,7
902,98,6,174,7
903,99,6,196,7
904,100,6,174,7
905,101,6,179,7
906,102,6,124,7
907,103,6,151,7
908,104,6,144,7
909,105,6,130,7
910,106,6,134,7
911,107,6,99,7
912,108,6,100,7
913,109,6,103,7
914,110,6,90,7
915,111,6,87,7
916,112,6,431,7
917,113,6,0,7
918,114,6,0,7
919,115,6,0,7
920,116,6,0,7
921,117,6,0,7
922,118,6,0,7
923,119,6,0,7
924,120,6,0,7
925,121,6,0,7
926,122,6,0,7
927,123,6,0,7
928,124,6,0,7
929,125,6,0,7
930,126,6,0,7
931,127,6,0,7
932,128,6,0,7
933,129,6,0,7
934,130,6,0,7
935,131,6,0,7
936,132,6,0,7
937,133,6,1340,7
938,0,7,0,0
939,1,7,416,0
940,2,7,15670,0
941,3,7,5562,0
942,4,7,1367,0
943,5,7,168,0
944,6,7,6,0
945,7,7,19,0
946,8,7,1109,0
947,9,7,579,0
948,10,7,0,1
949,11,7,416,1
950,12,7,20910,1
951,13,7,1863,1
952,14,7,220,1
953,15,7,1487,1
954,16,7,0,2
955,17,7,416,2
956,18,7,20018,2
957,19,7,2755,2
958,20,7,359,2
959,21,7,1348,2
960,22,7,0,3
961,23,7,416,3
962,24,7,6163,3
963,25,7,7943,3
964,26,7,8667,3
965,27,7,1707,3
966,28,7,0,4
967,29,7,17139,4
968,30,7,2785,4
969,31,7,3265,4
970,32,7,1707,4
971,33,7,0,5
972,34,7,11054,5
973,35,7,12135,5
974,36,7,1707,5
975,37,7,0,6
976,38,7,14205,6
977,39,7,8984,6
978,40,7,1707,6
979,41,7,0,7
980,42,7,12,7
981,43,7,24,7
982,44,7,24,7
983,45,7,38,7
984,46,7,34,7
985,47,7,52,7
986,48,7,453,7
987,49,7,427,7
988,50,7,448,7
989,51,7,508,7
990,52,7,438,7
991,53,7,465,7
992,54,7,440,7
993,55,7,459,7
994,56,7,437,7
995,57,7,377,7
996,58,7,423,7
997,59,7,461,7
998,60,7,402,7
999,61,7,418,7
1000,62,7,425,7
1001,63,7,453,7
1002,64,7,411,7
1003,65,7,415,7
1004,66,7,427,7
1005,67,7,410,7
1006,68,7,503,7
1007,69,7,435,7
1008,70,7,463,7
1009,71,7,489,7
1010,72,7,403,7
1011,73,7,459,7
1012,74,7,456,7
1013,75,7,461,7
1014,76,7,498,7
1015,77,7,462,7
1016,78,7,463,7
1017,79,7,479,7
1018,80,7,447,7
1019,81,7,462,7
1020,82,7,460,7
1021,83,7,382,7
1022,84,7,429,7
1023,85,7,410,7
1024,86,7,380,7
1025,87,7,383,7
1026,88,7,354,7
1027,89,7,320,7
1028,90,7,343,7
1029,91,7,335,7
1030,92,7,319,7
1031,93,7,272,7
1032,94,7,248,7
1033,95,7,285,7
1034,96,7,253,7
1035,97,7,227,7
1036,98,7,174,7
1037,99,7,169,7
1038,100,7,192,7
1039,101,7,174,7
1040,102,7,176,7
1041,103,7,121,7
1042,104,7,148,7
1043,105,7,143,7
1044,106,7,126,7
1045,107,7,135,7
1046,108,7,91,7
1047,109,7,93,7
1048,110,7,100,7
1049,111,7,86,7
1050,112,7,85,7
1051,113,7,415,7
1052,114,7,0,7
1053,115,7,0,7
1054,116,7,0,7
1055,117,7,0,7
1056,118,7,0,7
1057,119,7,0,7
1058,120,7,0,7
1059,121,7,0,7
1060,122,7,0,7
1061,123,7,0,7
1062,124,7,0,7
1063,125,7,0,7
1064,126,7,0,7
1065,127,7,0,7
1066,128,7,0,7
1067,129,7,0,7
1068,130,7,0,7
1069,131,7,0,7
1070,132,7,0,7
1071,133,7,1707,7
1072,0,8,0,0
1073,1,8,416,0
1074,2,8,15659,0
1075,3,8,5613,0
1076,4,8,1368,0
1077,5,8,173,0
1078,6,8,6,0
1079,7,8,21,0
1080,8,8,1349,0
1081,9,8,707,0
1082,10,8,0,1
1083,11,8,416,1
1084,12,8,20914,1
1085,13,8,1905,1
1086,14,8,266,1
1087,15,8,1811,1
1088,16,8,0,2
1089,17,8,416,2
1090,18,8,19959,2
1091,19,8,2860,2
1092,20,8,441,2
1093,21,8,1636,2
1094,22,8,0,3
1095,23,8,416,3
1096,24,8,6076,3
1097,25,8,7977,3
1098,26,8,8766,3
1099,27,8,2077,3
1100,28,8,0,4
1101,29,8,17198,4
1102,30,8,2777,4
1103,31,8,3260,4
1104,32,8,2077,4
1105,33,8,0,5
1106,34,8,11055,5
1107,35,8,12180,5
1108,36,8,2077,5
1109,37,8,0,6
1110,38,8,13994,6
1111,39,8,9241,6
1112,40,8,2077,6
1113,41,8,0,7
1114,42,8,6,7
1115,43,8,17,7
1116,44,8,31,7
1117,45,8,34,7
1118,46,8,42,7
1119,47,8,49,7
1120,48,8,59,7
1121,49,8,457,7
1122,50,8,429,7
1123,51,8,446,7
1124,52,8,509,7
1125,53,8,439,7
1126,54,8,471,7
1127,55,8,438,7
1128,56,8,465,7
1129,57,8,432,7
1130,58,8,381,7
1131,59,8,426,7
1132,60,8,467,7
1133,61,8,403,7
1134,62,8,416,7
1135,63,8,428,7
1136,64,8,459,7
1137,65,8,413,7
1138,66,8,412,7
1139,67,8,429,7
1140,68,8,416,7
1141,69,8,511,7
1142,70,8,440,7
1143,71,8,470,7
1144,72,8,493,7
1145,73,8,416,7
1146,74,8,459,7
1147,75,8,458,7
1148,76,8,468,7
1149,77,8,491,7
1150,78,8,463,7
1151,79,8,462,7
1152,80,8,485,7
1153,81,8,449,7
1154,82,8,467,7
1155,83,8,462,7
1156,84,8,384,7
1157,85,8,428,7
1158,86,8,412,7
1159,87,8,381,7
1160,88,8,387,7
1161,89,8,350,7
1162,90,8,314,7
1163,91,8,339,7
1164,92,8,332,7
1165,93,8,316,7
1166,94,8,272,7
1167,95,8,244,7
1168,96,8,283,7
1169,97,8,249,7
1170,98,8,224,7
1171,99,8,172,7
1172,100,8,173,7
1173,101,8,183,7
1174,102,8,170,7
1175,103,8,172,7
1176,104,8,118,7
1177,105,8,145,7
1178,106,8,142,7
1179,107,8,130,7
1180,108,8,125,7
1181,109,8,84,7
1182,110,8,89,7
1183,111,8,93,7
1184,112,8,82,7
1185,113,8,79,7
1186,114,8,395,7
1187,115,8,0,7
1188,116,8,0,7
1189,117,8,0,7
1190,118,8,0,7
1191,119,8,0,7
1192,120,8,0,7
1193,121,8,0,7
1194,122,8,0,7
1195,123,8,0,7
1196,124,8,0,7
1197,125,8,0,7
1198,126,8,0,7
1199,127,8,0,7
1200,128,8,0,7
1201,129,8,0,7
1202,130,8,0,7
1203,131,8,0,7
1204,132,8,0,7
1205,133,8,2077,7
1206,0,9,0,0
1207,1,9,416,0
1208,2,9,15693,0
1209,3,9,5651,0
1210,4,9,1376,0
1211,5,9,182,0
1212,6,9,5,0
1213,7,9,23,0
1214,8,9,1574,0
1215,9,9,808,0
1216,10,9,0,1
1217,11,9,416,1
1218,12,9,20961,1
1219,13,9,1946,1
1220,14,9,294,1
1221,15,9,2111,1
1222,16,9,0,2
1223,17,9,416,2
1224,18,9,19937,2
1225,19,9,2970,2
1226,20,9,514,2
1227,21,9,1891,2
1228,22,9,0,3
1229,23,9,416,3
1230,24,9,6059,3
1231,25,9,7998,3
1232,26,9,8850,3
1233,27,9,2405,3
1234,28,9,0,4
1235,29,9,17271,4
1236,30,9,2792,4
1237,31,9,3260,4
1238,32,9,2405,4
1239,33,9,0,5
1240,34,9,11099,5
1241,35,9,12224,5
1242,36,9,2405,5
1243,37,9,0,6
1244,38,9,13844,6
1245,39,9,9479,6
1246,40,9,2405,6
1247,41,9,0,7
1248,42,9,6,7
1249,43,9,11,7
1250,44,9,32,7
1251,45,9,35,7
1252,46,9,40,7
1253,47,9,50,7
1254,48,9,56,7
1255,49,9,66,7
1256,50,9,461,7
1257,51,9,429,7
1258,52,9,449,7
1259,53,9,509,7
1260,54,9,446,7
1261,55,9,479,7
1262,56,9,437,7
1263,57,9,463,7
1264,58,9,433,7
1265,59,9,375,7
1266,60,9,428,7
1267,61,9,472,7
1268,62,9,404,7
1269,63,9,423,7
1270,64,9,432,7
1271,65,9,464,7
1272,66,9,414,7
1273,67,9,412,7
1274,68,9,440,7
1275,69,9,421,7
1276,70,9,512,7
1277,71,9,445,7
1278,72,9,475,7
1279,73,9,489,7
1280,74,9,423,7
1281,75,9,458,7
1282,76,9,461,7
1283,77,9,468,7
1284,78,9,494,7
1285,79,9,462,7
1286,80,9,466,7
1287,81,9,482,7
1288,82,9,454,7
1289,83,9,466,7
1290,84,9,467,7
1291,85,9,383,7
1292,86,9,430,7
1293,87,9,416,7
1294,88,9,383,7
1295,89,9,386,7
1296,90,9,344,7
1297,91,9,319,7
1298,92,9,335,7
1299,93,9,336,7
1300,94,9,315,7
1301,95,9,273,7
1302,96,9,242,7
1303,97,9,280,7
1304,98,9,247,7
1305,99,9,225,7
1306,100,9,171,7
1307,101,9,173,7
1308,102,9,183,7
1309,103,9,169,7
1310,104,9,165,7
1311,105,9,116,7
1312,106,9,143,7
1313,107,9,148,7
1314,108,9,120,7
1315,109,9,121,7
1316,110,9,78,7
1317,111,9,88,7
1318,112,9,90,7
1319,113,9,76,7
1320,114,9,78,7
1321,115,9,381,7
1322,116,9,0,7
1323,117,9,0,7
1324,118,9,0,7
1325,119,9,0,7
1326,120,9,0,7
1327,121,9,0,7
1328,122,9,0,7
1329,123,9,0,7
1330,124,9,0,7
1331,125,9,0,7
1332,126,9,0,7
1333,127,9,0,7
1334,128,9,0,7
1335,129,9,0,7
1336,130,9,0,7
1337,131,9,0,7
1338,132,9,0,7
1339,133,9,2405,7
1340,0,10,0,0
1341,1,10,416,0
1342,2,10,15666,0
1343,3,10,5702,0
1344,4,10,1385,0
1345,5,10,188,0
1346,6,10,8,0
1347,7,10,25,0
1348,8,10,1816,0
1349,9,10,938,0
1350,10,10,0,1
1351,11,10,416,1
1352,12,10,20948,1
1353,13,10,2001,1
1354,14,10,333,1
1355,15,10,2446,1
1356,16,10,0,2
1357,17,10,416,2
1358,18,10,19858,2
1359,19,10,3091,2
1360,20,10,605,2
1361,21,10,2174,2
1362,22,10,0,3
1363,23,10,416,3
1364,24,10,6031,3
1365,25,10,7989,3
1366,26,10,8929,3
1367,27,10,2779,3
1368,28,10,0,4
1369,29,10,17324,4
1370,30,10,2790,4
1371,31,10,3251,4
1372,32,10,2779,4
1373,33,10,0,5
1374,34,10,11134,5
1375,35,10,12231,5
1376,36,10,2779,5
1377,37,10,0,6
1378,38,10,13700,6
1379,39,10,9665,6
1380,40,10,2779,6
1381,41,10,0,7
1382,42,10,13,7
1383,43,10,13,7
1384,44,10,15,7
1385,45,10,42,7
1386,46,10,41,7
1387,47,10,48,7
1388,48,10,56,7
1389,49,10,66,7
1390,50,10,68,7
1391,51,10,465,7
1392,52,10,439,7
1393,53,10,446,7
1394,54,10,510,7
1395,55,10,450,7
1396,56,10,479,7
1397,57,10,442,7
1398,58,10,460,7
1399,59,10,433,7
1400,60,10,382,7
1401,61,10,431,7
1402,62,10,477,7
1403,63,10,406,7
1404,64,10,431,7
1405,65,10,433,7
1406,66,10,470,7
1407,67,10,423,7
1408,68,10,412,7
1409,69,10,439,7
1410,70,10,422,7
1411,71,10,518,7
1412,72,10,447,7
1413,73,10,482,7
1414,74,10,494,7
1415,75,10,427,7
1416,76,10,457,7
1417,77,10,464,7
1418,78,10,468,7
1419,79,10,491,7
1420,80,10,460,7
1421,81,10,464,7
1422,82,10,479,7
1423,83,10,449,7
1424,84,10,468,7
1425,85,10,461,7
1426,86,10,382,7
1427,87,10,426,7
1428,88,10,414,7
1429,89,10,375,7
1430,90,10,379,7
1431,91,10,340,7
1432,92,10,314,7
1433,93,10,336,7
1434,94,10,339,7
1435,95,10,311,7
1436,96,10,278,7
1437,97,10,238,7
1438,98,10,274,7
1439,99,10,245,7
1440,100,10,226,7
1441,101,10,166,7
1442,102,10,173,7
1443,103,10,177,7
1444,104,10,167,7
1445,105,10,167,7
1446,106,10,114,7
1447,107,10,146,7
1448,108,10,142,7
1449,109,10,114,7
1450,110,10,117,7
1451,111,10,72,7
1452,112,10,85,7
1453,113,10,86,7
1454,114,10,76,7
1455,115,10,75,7
1456,116,10,370,7
1457,117,10,0,7
1458,118,10,0,7
1459,119,10,0,7
1460,120,10,0,7
1461,121,10,0,7
1462,122,10,0,7
1463,123,10,0,7
1464,124,10,0,7
1465,125,10,0,7
1466,126,10,0,7
1467,127,10,0,7
1468,128,10,0,7
1469,129,10,0,7
1470,130,10,0,7
1471,131,10,0,7
1472,132,10,0,7
1473,133,10,2779,7
1474,0,11,0,0
1475,1,11,416,0
1476,2,11,15643,0
1477,3,11,5768,0
1478,4,11,1382,0
1479,5,11,197,0
1480,6,11,5,0
1481,7,11,30,0
1482,8,11,2044,0
1483,9,11,1075,0
1484,10,11,0,1
1485,11,11,416,1
1486,12,11,20917,1
1487,13,11,2078,1
1488,14,11,373,1
1489,15,11,2776,1
1490,16,11,0,2
1491,17,11,416,2
1492,18,11,19793,2
1493,19,11,3202,2
1494,20,11,702,2
1495,21,11,2447,2
1496,22,11,0,3
1497,23,11,416,3
1498,24,11,6012,3
1499,25,11,7979,3
1500,26,11,9004,3
1501,27,11,3149,3
1502,28,11,0,4
1503,29,11,17398,4
1504,30,11,2779,4
1505,31,11,3234,4
1506,32,11,3149,4
1507,33,11,0,5
1508,34,11,11143,5
1509,35,11,12268,5
1510,36,11,3149,5
1511,37,11,0,6
1512,38,11,13563,6
1513,39,11,9848,6
1514,40,11,3149,6
1515,41,11,0,7
1516,42,11,7,7
1517,43,11,19,7
1518,44,11,20,7
1519,45,11,25,7
1520,46,11,49,7
1521,47,11,48,7
1522,48,11,60,7
1523,49,11,65,7
1524,50,11,74,7
1525,51,11,73,7
1526,52,11,467,7
1527,53,11,441,7
1528,54,11,451,7
1529,55,11,512,7
1530,56,11,447,7
1531,57,11,485,7
1532,58,11,448,7
1533,59,11,472,7
1534,60,11,437,7
1535,61,11,385,7
1536,62,11,434,7
1537,63,11,481,7
1538,64,11,409,7
1539,65,11,435,7
1540,66,11,439,7
1541,67,11,470,7
1542,68,11,424,7
1543,69,11,421,7
1544,70,11,440,7
1545,71,11,419,7
1546,72,11,527,7
1547,73,11,450,7
1548,74,11,487,7
1549,75,11,492,7
1550,76,11,427,7
1551,77,11,460,7
1552,78,11,465,7
1553,79,11,466,7
1554,80,11,488,7
1555,81,11,452,7
1556,82,11,464,7
1557,83,11,476,7
1558,84,11,447,7
1559,85,11,471,7
1560,86,11,459,7
1561,87,11,383,7
1562,88,11,422,7
1563,89,11,417,7
1564,90,11,381,7
1565,91,11,378,7
1566,92,11,339,7
1567,93,11,308,7
1568,94,11,332,7
1569,95,11,336,7
1570,96,11,307,7
1571,97,11,279,7
1572,98,11,234,7
1573,99,11,270,7
1574,100,11,241,7
1575,101,11,219,7
1576,102,11,165,7
1577,103,11,171,7
1578,104,11,173,7
1579,105,11,164,7
1580,106,11,167,7
1581,107,11,116,7
1582,108,11,138,7
1583,109,11,135,7
1584,110,11,107,7
1585,111,11,109,7
1586,112,11,70,7
1587,113,11,78,7
1588,114,11,83,7
1589,115,11,74,7
1590,116,11,72,7
1591,117,11,355,7
1592,118,11,0,7
1593,119,11,0,7
1594,120,11,0,7
1595,121,11,0,7
1596,122,11,0,7
1597,123,11,0,7
1598,124,11,0,7
1599,125,11,0,7
1600,126,11,0,7
1601,127,11,0,7
1602,128,11,0,7
1603,129,11,0,7
1604,130,11,0,7
1605,131,11,0,7
1606,132,11,0,7
1607,133,11,3149,7
1608,0,12,0,0
1609,1,12,416,0
1610,2,12,15612,0
1611,3,12,5844,0
1612,4,12,1384,0
1613,5,12,206,0
1614,6,12,7,0
1615,7,12,31,0
1616,8,12,2264,0
1617,9,12,1212,0
1618,10,12,0,1
1619,11,12,416,1
1620,12,12,20905,1
1621,13,12,2148,1
1622,14,12,406,1
1623,15,12,3101,1
1624,16,12,0,2
1625,17,12,416,2
1626,18,12,19777,2
1627,19,12,3276,2
1628,20,12,806,2
1629,21,12,2701,2
1630,22,12,0,3
1631,23,12,416,3
1632,24,12,5978,3
1633,25,12,7996,3
1634,26,12,9079,3
1635,27,12,3507,3
1636,28,12,0,4
1637,29,12,17442,4
1638,30,12,2786,4
1639,31,12,3241,4
1640,32,12,3507,4
1641,33,12,0,5
1642,34,12,11174,5
1643,35,12,12295,5
1644,36,12,3507,5
1645,37,12,0,6
1646,38,12,13437,6
1647,39,12,10032,6
1648,40,12,3507,6
1649,41,12,0,7
1650,42,12,9,7
1651,43,12,17,7
1652,44,12,23,7
1653,45,12,31,7
1654,46,12,37,7
1655,47,12,57,7
1656,48,12,56,7
1657,49,12,68,7
1658,50,12,73,7
1659,51,12,86,7
1660,52,12,81,7
1661,53,12,469,7
1662,54,12,445,7
1663,55,12,452,7
1664,56,12,513,7
1665,57,12,446,7
1666,58,12,487,7
1667,59,12,450,7
1668,60,12,467,7
1669,61,12,438,7
1670,62,12,387,7
1671,63,12,440,7
1672,64,12,482,7
1673,65,12,412,7
1674,66,12,438,7
1675,67,12,443,7
1676,68,12,469,7
1677,69,12,423,7
1678,70,12,428,7
1679,71,12,441,7
1680,72,12,423,7
1681,73,12,533,7
1682,74,12,457,7
1683,75,12,495,7
1684,76,12,492,7
1685,77,12,435,7
1686,78,12,459,7
1687,79,12,466,7
1688,80,12,469,7
1689,81,12,483,7
1690,82,12,453,7
1691,83,12,464,7
1692,84,12,472,7
1693,85,12,449,7
1694,86,12,472,7
1695,87,12,459,7
1696,88,12,381,7
1697,89,12,424,7
1698,90,12,414,7
1699,91,12,379,7
1700,92,12,372,7
1701,93,12,337,7
1702,94,12,307,7
1703,95,12,330,7
1704,96,12,331,7
1705,97,12,303,7
1706,98,12,272,7
1707,99,12,233,7
1708,100,12,266,7
1709,101,12,233,7
1710,102,12,215,7
1711,103,12,159,7
1712,104,12,167,7
1713,105,12,172,7
1714,106,12,161,7
1715,107,12,173,7
1716,108,12,114,7
1717,109,12,131,7
1718,110,12,129,7
1719,111,12,103,7
1720,112,12,105,7
1721,113,12,68,7
1722,114,12,75,7
1723,115,12,79,7
1724,116,12,72,7
1725,117,12,69,7
1726,118,12,346,7
1727,119,12,0,7
1728,120,12,0,7
1729,121,12,0,7
1730,122,12,0,7
1731,123,12,0,7
1732,124,12,0,7
1733,125,12,0,7
1734,126,12,0,7
1735,127,12,0,7
1736,128,12,0,7
1737,129,12,0,7
1738,130,12,0,7
1739,131,12,0,7
1740,132,12,0,7
1741,133,12,3507,7
1742,0,13,0,0
1743,1,13,416,0
1744,2,13,15596,0
1745,3,13,5876,0
1746,4,13,1376,0
1747,5,13,204,0
1748,6,13,11,0
1749,7,13,34,0
1750,8,13,2519,0
1751,9,13,1360,0
1752,10,13,0,1
1753,11,13,416,1
1754,12,13,20873,1
1755,13,13,2190,1
1756,14,13,453,1
1757,15,13,3460,1
1758,16,13,0,2
1759,17,13,416,2
1760,18,13,19712,2
1761,19,13,3351,2
1762,20,13,907,2
1763,21,13,3006,2
1764,22,13,0,3
1765,23,13,416,3
1766,24,13,5936,3
1767,25,13,8027,3
1768,26,13,9100,3
1769,27,13,3913,3
1770,28,13,0,4
1771,29,13,17460,4
1772,30,13,2773,4
1773,31,13,3246,4
1774,32,13,3913,4
1775,33,13,0,5
1776,34,13,11171,5
1777,35,13,12308,5
1778,36,13,3913,5
1779,37,13,0,6
1780,38,13,13317,6
1781,39,13,10162,6
1782,40,13,3913,6
1783,41,13,0,7
1784,42,13,10,7
1785,43,13,19,7
1786,44,13,26,7
1787,45,13,30,7
1788,46,13,35,7
1789,47,13,51,7
1790,48,13,61,7
1791,49,13,63,7
1792,50,13,77,7
1793,51,13,79,7
1794,52,13,95,7
1795,53,13,90,7
1796,54,13,470,7
1797,55,13,444,7
1798,56,13,450,7
1799,57,13,511,7
1800,58,13,452,7
1801,59,13,489,7
1802,60,13,451,7
1803,61,13,470,7
1804,62,13,436,7
1805,63,13,388,7
1806,64,13,445,7
1807,65,13,485,7
1808,66,13,417,7
1809,67,13,440,7
1810,68,13,443,7
1811,69,13,477,7
1812,70,13,428,7
1813,71,13,431,7
1814,72,13,445,7
1815,73,13,425,7
1816,74,13,532,7
1817,75,13,455,7
1818,76,13,497,7
1819,77,13,498,7
1820,78,13,430,7
1821,79,13,461,7
1822,80,13,467,7
1823,81,13,472,7
1824,82,13,471,7
1825,83,13,445,7
1826,84,13,461,7
1827,85,13,472,7
1828,86,13,444,7
1829,87,13,474,7
1830,88,13,458,7
1831,89,13,378,7
1832,90,13,428,7
1833,91,13,412,7
1834,92,13,378,7
1835,93,13,368,7
1836,94,13,334,7
1837,95,13,302,7
1838,96,13,328,7
1839,97,13,327,7
1840,98,13,299,7
1841,99,13,268,7
1842,100,13,223,7
1843,101,13,260,7
1844,102,13,232,7
1845,103,13,210,7
1846,104,13,157,7
1847,105,13,165,7
1848,106,13,168,7
1849,107,13,164,7
1850,108,13,165,7
1851,109,13,111,7
1852,110,13,125,7
1853,111,13,126,7
1854,112,13,100,7
1855,113,13,99,7
1856,114,13,67,7
1857,115,13,73,7
1858,116,13,78,7
1859,117,13,68,7
1860,118,13,64,7
1861,119,13,332,7
1862,120,13,0,7
1863,121,13,0,7
1864,122,13,0,7
1865,123,13,0,7
1866,124,13,0,7
1867,125,13,0,7
1868,126,13,0,7
1869,127,13,0,7
1870,128,13,0,7
1871,129,13,0,7
1872,130,13,0,7
1873,131,13,0,7
1874,132,13,0,7
1875,133,13,3913,7
1876,0,14,0,0
1877,1,14,416,0
1878,2,14,15555,0
1879,3,14,5921,0
1880,4,14,1377,0
1881,5,14,209,0
1882,6,14,9,0
1883,7,14,40,0
1884,8,14,2775,0
1885,9,14,1506,0
1886,10,14,0,1
1887,11,14,416,1
1888,12,14,20837,1
1889,13,14,2234,1
1890,14,14,491,1
1891,15,14,3830,1
1892,16,14,0,2
1893,17,14,416,2
1894,18,14,19632,2
1895,19,14,3439,2
1896,20,14,1015,2
1897,21,14,3306,2
1898,22,14,0,3
1899,23,14,416,3
1900,24,14,5888,3
1901,25,14,8068,3
1902,26,14,9115,3
1903,27,14,4321,3
1904,28,14,0,4
1905,29,14,17440,4
1906,30,14,2775,4
1907,31,14,3272,4
1908,32,14,4321,4
1909,33,14,0,5
1910,34,14,11182,5
1911,35,14,12305,5
1912,36,14,4321,5
1913,37,14,0,6
1914,38,14,13210,6
1915,39,14,10277,6
1916,40,14,4321,6
1917,41,14,0,7
1918,42,14,10,7
1919,43,14,16,7
1920,44,14,29,7
1921,45,14,31,7
1922,46,14,37,7
1923,47,14,41,7
1924,48,14,53,7
1925,49,14,69,7
1926,50,14,67,7
1927,51,14,86,7
1928,52,14,82,7
1929,53,14,99,7
1930,54,14,94,7
1931,55,14,478,7
1932,56,14,450,7
1933,57,14,452,7
1934,58,14,515,7
1935,59,14,446,7
1936,60,14,493,7
1937,61,14,452,7
1938,62,14,472,7
1939,63,14,441,7
1940,64,14,394,7
1941,65,14,450,7
1942,66,14,488,7
1943,67,14,424,7
1944,68,14,450,7
1945,69,14,449,7
1946,70,14,486,7
1947,71,14,425,7
1948,72,14,432,7
1949,73,14,442,7
1950,74,14,426,7
1951,75,14,533,7
1952,76,14,457,7
1953,77,14,502,7
1954,78,14,504,7
1955,79,14,431,7
1956,80,14,465,7
1957,81,14,460,7
1958,82,14,472,7
1959,83,14,471,7
1960,84,14,441,7
1961,85,14,459,7
1962,86,14,466,7
1963,87,14,436,7
1964,88,14,476,7
1965,89,14,458,7
1966,90,14,374,7
1967,91,14,423,7
1968,92,14,403,7
1969,93,14,375,7
1970,94,14,364,7
1971,95,14,333,7
1972,96,14,302,7
1973,97,14,329,7
1974,98,14,313,7
1975,99,14,291,7
1976,100,14,259,7
1977,101,14,221,7
1978,102,14,254,7
1979,103,14,227,7
1980,104,14,203,7
1981,105,14,156,7
1982,106,14,167,7
1983,107,14,175,7
1984,108,14,156,7
1985,109,14,158,7
1986,110,14,108,7
1987,111,14,121,7
1988,112,14,122,7
1989,113,14,97,7
1990,114,14,94,7
1991,115,14,65,7
1992,116,14,68,7
1993,117,14,74,7
1994,118,14,67,7
1995,119,14,63,7
1996,120,14,315,7
1997,121,14,0,7
1998,122,14,0,7
1999,123,14,0,7
2000,124,14,0,7
2001,125,14,0,7
2002,126,14,0,7
2003,127,14,0,7
2004,128,14,0,7
2005,129,14,0,7
2006,130,14,0,7
2007,131,14,0,7
2008,132,14,0,7
2009,133,14,4321,7
2010,0,15,0,0
2011,1,15,416,0
2012,2,15,15568,0
2013,3,15,5919,0
2014,4,15,1389,0
2015,5,15,214,0
2016,6,15,6,0
2017,7,15,46,0
2018,8,15,2999,0
2019,9,15,1667,0
2020,10,15,0,1
2021,11,15,416,1
2022,12,15,20804,1
2023,13,15,2292,1
2024,14,15,537,1
2025,15,15,4175,1
2026,16,15,0,2
2027,17,15,416,2
2028,18,15,19608,2
2029,19,15,3488,2
2030,20,15,1130,2
2031,21,15,3582,2
2032,22,15,0,3
2033,23,15,416,3
2034,24,15,5882,3
2035,25,15,8036,3
2036,26,15,9178,3
2037,27,15,4712,3
2038,28,15,0,4
2039,29,15,17483,4
2040,30,15,2772,4
2041,31,15,3257,4
2042,32,15,4712,4
2043,33,15,0,5
2044,34,15,11202,5
2045,35,15,12310,5
2046,36,15,4712,5
2047,37,15,0,6
2048,38,15,13098,6
2049,39,15,10414,6
2050,40,15,4712,6
2051,41,15,0,7
2052,42,15,8,7
2053,43,15,18,7
2054,44,15,21,7
2055,45,15,34,7
2056,46,15,37,7
2057,47,15,42,7
2058,48,15,51,7
2059,49,15,59,7
2060,50,15,74,7
2061,51,15,78,7
2062,52,15,88,7
2063,53,15,89,7
2064,54,15,108,7
2065,55,15,102,7
2066,56,15,481,7
2067,57,15,452,7
2068,58,15,456,7
2069,59,15,521,7
2070,60,15,448,7
2071,61,15,487,7
2072,62,15,455,7
2073,63,15,478,7
2074,64,15,444,7
2075,65,15,395,7
2076,66,15,454,7
2077,67,15,494,7
2078,68,15,431,7
2079,69,15,447,7
2080,70,15,449,7
2081,71,15,489,7
2082,72,15,427,7
2083,73,15,431,7
2084,74,15,444,7
2085,75,15,431,7
2086,76,15,539,7
2087,77,15,458,7
2088,78,15,505,7
2089,79,15,503,7
2090,80,15,435,7
2091,81,15,471,7
2092,82,15,457,7
2093,83,15,474,7
2094,84,15,469,7
2095,85,15,447,7
2096,86,15,454,7
2097,87,15,468,7
2098,88,15,440,7
2099,89,15,474,7
2100,90,15,453,7
2101,91,15,372,7
2102,92,15,422,7
2103,93,15,400,7
2104,94,15,371,7
2105,95,15,357,7
2106,96,15,329,7
2107,97,15,299,7
2108,98,15,322,7
2109,99,15,303,7
2110,100,15,285,7
2111,101,15,253,7
2112,102,15,216,7
2113,103,15,244,7
2114,104,15,216,7
2115,105,15,201,7
2116,106,15,152,7
2117,107,15,171,7
2118,108,15,169,7
2119,109,15,151,7
2120,110,15,155,7
2121,111,15,103,7
2122,112,15,113,7
2123,113,15,116,7
2124,114,15,91,7
2125,115,15,93,7
2126,116,15,64,7
2127,117,15,67,7
2128,118,15,72,7
2129,119,15,66,7
2130,120,15,60,7
2131,121,15,309,7
2132,122,15,0,7
2133,123,15,0,7
2134,124,15,0,7
2135,125,15,0,7
2136,126,15,0,7
2137,127,15,0,7
2138,128,15,0,7
2139,129,15,0,7
2140,130,15,0,7
2141,131,15,0,7
2142,132,15,0,7
2143,133,15,4712,7
2144,0,16,0,0
2145,1,16,416,0
2146,2,16,15524,0
2147,3,16,5982,0
2148,4,16,1379,0
2149,5,16,217,0
2150,6,16,10,0
2151,7,16,50,0
2152,8,16,3245,0
2153,9,16,1817,0
2154,10,16,0,1
2155,11,16,416,1
2156,12,16,20770,1
2157,13,16,2342,1
2158,14,16,577,1
2159,15,16,4535,1
2160,16,16,0,2
2161,17,16,416,2
2162,18,16,19528,2
2163,19,16,3584,2
2164,20,16,1240,2
2165,21,16,3872,2
2166,22,16,0,3
2167,23,16,416,3
2168,24,16,5769,3
2169,25,16,8146,3
2170,26,16,9197,3
2171,27,16,5112,3
2172,28,16,0,4
2173,29,16,17491,4
2174,30,16,2777,4
2175,31,16,3260,4
2176,32,16,5112,4
2177,33,16,0,5
2178,34,16,11201,5
2179,35,16,12327,5
2180,36,16,5112,5
2181,37,16,0,6
2182,38,16,13003,6
2183,39,16,10525,6
2184,40,16,5112,6
2185,41,16,0,7
2186,42,16,11,7
2187,43,16,18,7
2188,44,16,26,7
2189,45,16,28,7
2190,46,16,44,7
2191,47,16,44,7
2192,48,16,53,7
2193,49,16,62,7
2194,50,16,65,7
2195,51,16,85,7
2196,52,16,83,7
2197,53,16,92,7
2198,54,16,98,7
2199,55,16,117,7
2200,56,16,104,7
2201,57,16,487,7
2202,58,16,454,7
2203,59,16,462,7
2204,60,16,522,7
2205,61,16,449,7
2206,62,16,493,7
2207,63,16,462,7
2208,64,16,482,7
2209,65,16,448,7
2210,66,16,402,7
2211,67,16,456,7
2212,68,16,490,7
2213,69,16,428,7
2214,70,16,448,7
2215,71,16,453,7
2216,72,16,490,7
2217,73,16,428,7
2218,74,16,430,7
2219,75,16,442,7
2220,76,16,429,7
2221,77,16,540,7
2222,78,16,458,7
2223,79,16,508,7
2224,80,16,502,7
2225,81,16,437,7
2226,82,16,465,7
2227,83,16,458,7
2228,84,16,474,7
2229,85,16,463,7
2230,86,16,438,7
2231,87,16,452,7
2232,88,16,468,7
2233,89,16,437,7
2234,90,16,474,7
2235,91,16,451,7
2236,92,16,373,7
2237,93,16,411,7
2238,94,16,396,7
2239,95,16,366,7
2240,96,16,355,7
2241,97,16,324,7
2242,98,16,295,7
2243,99,16,315,7
2244,100,16,296,7
2245,101,16,279,7
2246,102,16,248,7
2247,103,16,213,7
2248,104,16,239,7
2249,105,16,215,7
2250,106,16,197,7
2251,107,16,157,7
2252,108,16,165,7
2253,109,16,163,7
2254,110,16,148,7
2255,111,16,151,7
2256,112,16,100,7
2257,113,16,104,7
2258,114,16,110,7
2259,115,16,90,7
2260,116,16,92,7
2261,117,16,62,7
2262,118,16,64,7
2263,119,16,71,7
2264,120,16,64,7
2265,121,16,58,7
2266,122,16,297,7
2267,123,16,0,7
2268,124,16,0,7
2269,125,16,0,7
2270,126,16,0,7
2271,127,16,0,7
2272,128,16,0,7
2273,129,16,0,7
2274,130,16,0,7
2275,131,16,0,7
2276,132,16,0,7
2277,133,16,5112,7
2278,0,17,0,0
2279,1,17,416,0
2280,2,17,15530,0
2281,3,17,5989,0
2282,4,17,1406,0
2283,5,17,214,0
2284,6,17,9,0
2285,7,17,56,0
2286,8,17,3470,0
2287,9,17,1966,0
2288,10,17,0,1
2289,11,17,416,1
2290,12,17,20746,1
2291,13,17,2402,1
2292,14,17,615,1
2293,15,17,4877,1
2294,16,17,0,2
2295,17,17,416,2
2296,18,17,19489,2
2297,19,17,3659,2
2298,20,17,1351,2
2299,21,17,4141,2
2300,22,17,0,3
2301,23,17,416,3
2302,24,17,5729,3
2303,25,17,8180,3
2304,26,17,9239,3
2305,27,17,5492,3
2306,28,17,0,4
2307,29,17,17531,4
2308,30,17,2776,4
2309,31,17,3257,4
2310,32,17,5492,4
2311,33,17,0,5
2312,34,17,11214,5
2313,35,17,12350,5
2314,36,17,5492,5
2315,37,17,0,6
2316,38,17,13019,6
2317,39,17,10545,6
2318,40,17,5492,6
2319,41,17,0,7
2320,42,17,9,7
2321,43,17,14,7
2322,44,17,23,7
2323,45,17,40,7
2324,46,17,36,7
2325,47,17,52,7
2326,48,17,53,7
2327,49,17,59,7
2328,50,17,72,7
2329,51,17,74,7
2330,52,17,91,7
2331,53,17,88,7
2332,54,17,96,7
2333,55,17,104,7
2334,56,17,128,7
2335,57,17,109,7
2336,58,17,488,7
2337,59,17,458,7
2338,60,17,462,7
2339,61,17,531,7
2340,62,17,450,7
2341,63,17,490,7
2342,64,17,462,7
2343,65,17,485,7
2344,66,17,452,7
2345,67,17,406,7
2346,68,17,456,7
2347,69,17,491,7
2348,70,17,433,7
2349,71,17,454,7
2350,72,17,456,7
2351,73,17,493,7
2352,74,17,431,7
2353,75,17,428,7
2354,76,17,442,7
2355,77,17,433,7
2356,78,17,541,7
2357,79,17,458,7
2358,80,17,510,7
2359,81,17,504,7
2360,82,17,443,7
2361,83,17,468,7
2362,84,17,453,7
2363,85,17,476,7
2364,86,17,464,7
2365,87,17,436,7
2366,88,17,453,7
2367,89,17,471,7
2368,90,17,432,7
2369,91,17,470,7
2370,92,17,443,7
2371,93,17,365,7
2372,94,17,406,7
2373,95,17,392,7
2374,96,17,364,7
2375,97,17,350,7
2376,98,17,315,7
2377,99,17,285,7
2378,100,17,314,7
2379,101,17,288,7
2380,102,17,276,7
2381,103,17,241,7
2382,104,17,206,7
2383,105,17,234,7
2384,106,17,209,7
2385,107,17,201,7
2386,108,17,155,7
2387,109,17,161,7
2388,110,17,162,7
2389,111,17,143,7
2390,112,17,145,7
2391,113,17,97,7
2392,114,17,103,7
2393,115,17,107,7
2394,116,17,84,7
2395,117,17,88,7
2396,118,17,59,7
2397,119,17,62,7
2398,120,17,69,7
2399,121,17,63,7
2400,122,17,58,7
2401,123,17,291,7
2402,124,17,0,7
2403,125,17,0,7
2404,126,17,0,7
2405,127,17,0,7
2406,128,17,0,7
2407,129,17,0,7
2408,130,17,0,7
2409,131,17,0,7
2410,132,17,0,7
2411,133,17,5492,7
2412,0,18,0,0
2413,1,18,416,0
2414,2,18,15515,0
2415,3,18,6012,0
2416,4,18,1414,0
2417,5,18,221,0
2418,6,18,6,0
2419,7,18,62,0
2420,8,18,3695,0
2421,9,18,2131,0
2422,10,18,0,1
2423,11,18,416,1
2424,12,18,20742,1
2425,13,18,2426,1
2426,14,18,665,1
2427,15,18,5223,1
2428,16,18,0,2
2429,17,18,416,2
2430,18,18,19449,2
2431,19,18,3719,2
2432,20,18,1466,2
2433,21,18,4422,2
2434,22,18,0,3
2435,23,18,416,3
2436,24,18,5645,3
2437,25,18,8216,3
2438,26,18,9307,3
2439,27,18,5888,3
2440,28,18,0,4
2441,29,18,17543,4
2442,30,18,2764,4
2443,31,18,3277,4
2444,32,18,5888,4
2445,33,18,0,5
2446,34,18,11212,5
2447,35,18,12372,5
2448,36,18,5888,5
2449,37,18,0,6
2450,38,18,12937,6
2451,39,18,10647,6
2452,40,18,5888,6
2453,41,18,0,7
2454,42,18,13,7
2455,43,18,19,7
2456,44,18,24,7
2457,45,18,33,7
2458,46,18,48,7
2459,47,18,43,7
2460,48,18,57,7
2461,49,18,61,7
2462,50,18,65,7
2463,51,18,80,7
2464,52,18,79,7
2465,53,18,95,7
2466,54,18,95,7
2467,55,18,101,7
2468,56,18,105,7
2469,57,18,131,7
2470,58,18,116,7
2471,59,18,492,7
2472,60,18,468,7
2473,61,18,463,7
2474,62,18,533,7
2475,63,18,459,7
2476,64,18,493,7
2477,65,18,460,7
2478,66,18,485,7
2479,67,18,458,7
2480,68,18,406,7
2481,69,18,456,7
2482,70,18,490,7
2483,71,18,440,7
2484,72,18,447,7
2485,73,18,459,7
2486,74,18,497,7
2487,75,18,446,7
2488,76,18,429,7
2489,77,18,439,7
2490,78,18,434,7
2491,79,18,535,7
2492,80,18,457,7
2493,81,18,509,7
2494,82,18,509,7
2495,83,18,440,7
2496,84,18,463,7
2497,85,18,459,7
2498,86,18,467,7
2499,87,18,463,7
2500,88,18,436,7
2501,89,18,453,7
2502,90,18,470,7
2503,91,18,430,7
2504,92,18,465,7
2505,93,18,444,7
2506,94,18,357,7
2507,95,18,406,7
2508,96,18,382,7
2509,97,18,363,7
2510,98,18,348,7
2511,99,18,308,7
2512,100,18,276,7
2513,101,18,311,7
2514,102,18,286,7
2515,103,18,267,7
2516,104,18,237,7
2517,105,18,200,7
2518,106,18,227,7
2519,107,18,211,7
2520,108,18,199,7
2521,109,18,146,7
2522,110,18,157,7
2523,111,18,157,7
2524,112,18,135,7
2525,113,18,140,7
2526,114,18,93,7
2527,115,18,98,7
2528,116,18,104,7
2529,117,18,79,7
2530,118,18,86,7
2531,119,18,59,7
2532,120,18,61,7
2533,121,18,67,7
2534,122,18,61,7
2535,123,18,57,7
2536,124,18,287,7
2537,125,18,0,7
2538,126,18,0,7
2539,127,18,0,7
2540,128,18,0,7
2541,129,18,0,7
2542,130,18,0,7
2543,131,18,0,7
2544,132,18,0,7
2545,133,18,5888,7
2546,0,19,0,0
2547,1,19,416,0
2548,2,19,15476,0
2549,3,19,6024,0
2550,4,19,1432,0
2551,5,19,228,0
2552,6,19,5,0
2553,7,19,64,0
2554,8,19,3937,0
2555,9,19,2306,0
2556,10,19,0,1
2557,11,19,416,1
2558,12,19,20701,1
2559,13,19,2464,1
2560,14,19,711,1
2561,15,19,5596,1
2562,16,19,0,2
2563,17,19,416,2
2564,18,19,19395,2
2565,19,19,3770,2
2566,20,19,1595,2
2567,21,19,4712,2
2568,22,19,0,3
2569,23,19,416,3
2570,24,19,5613,3
2571,25,19,8221,3
2572,26,19,9331,3
2573,27,19,6307,3
2574,28,19,0,4
2575,29,19,17557,4
2576,30,19,2745,4
2577,31,19,3279,4
2578,32,19,6307,4
2579,33,19,0,5
2580,34,19,11189,5
2581,35,19,12392,5
2582,36,19,6307,5
2583,37,19,0,6
2584,38,19,12924,6
2585,39,19,10657,6
2586,40,19,6307,6
2587,41,19,0,7
2588,42,19,11,7
2589,43,19,23,7
2590,44,19,25,7
2591,45,19,31,7
2592,46,19,42,7
2593,47,19,54,7
2594,48,19,51,7
2595,49,19,69,7
2596,50,19,67,7
2597,51,19,74,7
2598,52,19,84,7
2599,53,19,87,7
2600,54,19,109,7
2601,55,19,99,7
2602,56,19,109,7
2603,57,19,113,7
2604,58,19,135,7
2605,59,19,123,7
2606,60,19,494,7
2607,61,19,465,7
2608,62,19,470,7
2609,63,19,541,7
2610,64,19,461,7
2611,65,19,494,7
2612,66,19,465,7
2613,67,19,491,7
2614,68,19,464,7
2615,69,19,399,7
2616,70,19,453,7
2617,71,19,486,7
2618,72,19,442,7
2619,73,19,445,7
2620,74,19,466,7
2621,75,19,496,7
2622,76,19,449,7
2623,77,19,427,7
2624,78,19,446,7
2625,79,19,437,7
2626,80,19,536,7
2627,81,19,455,7
2628,82,19,504,7
2629,83,19,510,7
2630,84,19,443,7
2631,85,19,465,7
2632,86,19,459,7
2633,87,19,462,7
2634,88,19,463,7
2635,89,19,434,7
2636,90,19,447,7
2637,91,19,464,7
2638,92,19,428,7
2639,93,19,457,7
2640,94,19,438,7
2641,95,19,352,7
2642,96,19,399,7
2643,97,19,384,7
2644,98,19,351,7
2645,99,19,347,7
2646,100,19,309,7
2647,101,19,272,7
2648,102,19,299,7
2649,103,19,276,7
2650,104,19,263,7
2651,105,19,232,7
2652,106,19,194,7
2653,107,19,229,7
2654,108,19,203,7
2655,109,19,189,7
2656,110,19,143,7
2657,111,19,149,7
2658,112,19,150,7
2659,113,19,132,7
2660,114,19,135,7
2661,115,19,90,7
2662,116,19,93,7
2663,117,19,101,7
2664,118,19,78,7
2665,119,19,84,7
2666,120,19,57,7
2667,121,19,59,7
2668,122,19,65,7
2669,123,19,57,7
2670,124,19,57,7
2671,125,19,270,7
2672,126,19,0,7
2673,127,19,0,7
2674,128,19,0,7
2675,129,19,0,7
2676,130,19,0,7
2677,131,19,0,7
2678,132,19,0,7
2679,133,19,6307,7
2680,0,20,0,0
2681,1,20,416,0
2682,2,20,15487,0
2683,3,20,6027,0
2684,4,20,1422,0
2685,5,20,236,0
2686,6,20,7,0
2687,7,20,68,0
2688,8,20,4168,0
2689,9,20,2473,0
2690,10,20,0,1
2691,11,20,416,1
2692,12,20,20668,1
2693,13,20,2511,1
2694,14,20,753,1
2695,15,20,5956,1
2696,16,20,0,2
2697,17,20,416,2
2698,18,20,19356,2
2699,19,20,3823,2
2700,20,20,1720,2
2701,21,20,4989,2
2702,22,20,0,3
2703,23,20,416,3
2704,24,20,5664,3
2705,25,20,8135,3
2706,26,20,9380,3
2707,27,20,6709,3
2708,28,20,0,4
2709,29,20,17568,4
2710,30,20,2754,4
2711,31,20,3273,4
2712,32,20,6709,4
2713,33,20,0,5
2714,34,20,11212,5
2715,35,20,12383,5
2716,36,20,6709,5
2717,37,20,0,6
2718,38,20,12863,6
2719,39,20,10732,6
2720,40,20,6709,6
2721,41,20,0,7
2722,42,20,5,7
2723,43,20,14,7
2724,44,20,32,7
2725,45,20,37,7
2726,46,20,35,7
2727,47,20,51,7
2728,48,20,69,7
2729,49,20,59,7
2730,50,20,73,7
2731,51,20,71,7
2732,52,20,81,7
2733,53,20,90,7
2734,54,20,88,7
2735,55,20,121,7
2736,56,20,103,7
2737,57,20,113,7
2738,58,20,121,7
2739,59,20,139,7
2740,60,20,134,7
2741,61,20,491,7
2742,62,20,467,7
2743,63,20,468,7
2744,64,20,546,7
2745,65,20,463,7
2746,66,20,500,7
2747,67,20,462,7
2748,68,20,496,7
2749,69,20,466,7
2750,70,20,409,7
2751,71,20,460,7
2752,72,20,488,7
2753,73,20,443,7
2754,74,20,448,7
2755,75,20,468,7
2756,76,20,497,7
2757,77,20,448,7
2758,78,20,426,7
2759,79,20,448,7
2760,80,20,440,7
2761,81,20,529,7
2762,82,20,455,7
2763,83,20,497,7
2764,84,20,517,7
2765,85,20,447,7
2766,86,20,464,7
2767,87,20,453,7
2768,88,20,457,7
2769,89,20,463,7
2770,90,20,431,7
2771,91,20,448,7
2772,92,20,458,7
2773,93,20,426,7
2774,94,20,456,7
2775,95,20,437,7
2776,96,20,349,7
2777,97,20,395,7
2778,98,20,378,7
2779,99,20,342,7
2780,100,20,346,7
2781,101,20,308,7
2782,102,20,269,7
2783,103,20,296,7
2784,104,20,273,7
2785,105,20,255,7
2786,106,20,226,7
2787,107,20,198,7
2788,108,20,220,7
2789,109,20,198,7
2790,110,20,178,7
2791,111,20,141,7
2792,112,20,143,7
2793,113,20,143,7
2794,114,20,127,7
2795,115,20,127,7
2796,116,20,84,7
2797,117,20,92,7
2798,118,20,98,7
2799,119,20,70,7
2800,120,20,83,7
2801,121,20,53,7
2802,122,20,56,7
2803,123,20,62,7
2804,124,20,56,7
2805,125,20,57,7
2806,126,20,264,7
2807,127,20,0,7
2808,128,20,0,7
2809,129,20,0,7
2810,130,20,0,7
2811,131,20,0,7
2812,132,20,0,7
2813,133,20,6709,7
2814,0,21,0,0
2815,1,21,416,0
2816,2,21,15440,0
2817,3,21,6034,0
2818,4,21,1442,0
2819,5,21,246,0
2820,6,21,7,0
2821,7,21,71,0
2822,8,21,4398,0
2823,9,21,2666,0
2824,10,21,0,1
2825,11,21,416,1
2826,12,21,20643,1
2827,13,21,2526,1
2828,14,21,793,1
2829,15,21,6342,1
2830,16,21,0,2
2831,17,21,416,2
2832,18,21,19348,2
2833,19,21,3821,2
2834,20,21,1873,2
2835,21,21,5262,2
2836,22,21,0,3
2837,23,21,416,3
2838,24,21,5626,3
2839,25,21,8136,3
2840,26,21,9407,3
2841,27,21,7135,3
2842,28,21,0,4
2843,29,21,17587,4
2844,30,21,2740,4
2845,31,21,3258,4
2846,32,21,7135,4
2847,33,21,0,5
2848,34,21,11204,5
2849,35,21,12381,5
2850,36,21,7135,5
2851,37,21,0,6
2852,38,21,12872,6
2853,39,21,10713,6
2854,40,21,7135,6
2855,41,21,0,7
2856,42,21,5,7
2857,43,21,15,7
2858,44,21,23,7
2859,45,21,45,7
2860,46,21,45,7
2861,47,21,44,7
2862,48,21,60,7
2863,49,21,74,7
2864,50,21,64,7
2865,51,21,77,7
2866,52,21,79,7
2867,53,21,88,7
2868,54,21,92,7
2869,55,21,93,7
2870,56,21,127,7
2871,57,21,112,7
2872,58,21,118,7
2873,59,21,125,7
2874,60,21,143,7
2875,61,21,136,7
2876,62,21,492,7
2877,63,21,469,7
2878,64,21,473,7
2879,65,21,544,7
2880,66,21,462,7
2881,67,21,502,7
2882,68,21,470,7
2883,69,21,499,7
2884,70,21,470,7
2885,71,21,408,7
2886,72,21,464,7
2887,73,21,492,7
2888,74,21,445,7
2889,75,21,454,7
2890,76,21,468,7
2891,77,21,504,7
2892,78,21,443,7
2893,79,21,419,7
2894,80,21,447,7
2895,81,21,444,7
2896,82,21,538,7
2897,83,21,457,7
2898,84,21,500,7
2899,85,21,514,7
2900,86,21,451,7
2901,87,21,461,7
2902,88,21,453,7
2903,89,21,459,7
2904,90,21,465,7
2905,91,21,425,7
2906,92,21,447,7
2907,93,21,450,7
2908,94,21,417,7
2909,95,21,451,7
2910,96,21,427,7
2911,97,21,346,7
2912,98,21,380,7
2913,99,21,367,7
2914,100,21,331,7
2915,101,21,332,7
2916,102,21,303,7
2917,103,21,265,7
2918,104,21,290,7
2919,105,21,271,7
2920,106,21,250,7
2921,107,21,227,7
2922,108,21,193,7
2923,109,21,213,7
2924,110,21,186,7
2925,111,21,177,7
2926,112,21,135,7
2927,113,21,139,7
2928,114,21,139,7
2929,115,21,123,7
2930,116,21,127,7
2931,117,21,81,7
2932,118,21,89,7
2933,119,21,92,7
2934,120,21,64,7
2935,121,21,82,7
2936,122,21,52,7
2937,123,21,54,7
2938,124,21,62,7
2939,125,21,55,7
2940,126,21,55,7
2941,127,21,256,7
2942,128,21,0,7
2943,129,21,0,7
2944,130,21,0,7
2945,131,21,0,7
2946,132,21,0,7
2947,133,21,7135,7
2948,0,22,0,0
2949,1,22,416,0
2950,2,22,15432,0
2951,3,22,6056,0
2952,4,22,1444,0
2953,5,22,249,0
2954,6,22,9,0
2955,7,22,74,0
2956,8,22,4620,0
2957,9,22,2836,0
2958,10,22,0,1
2959,11,22,416,1
2960,12,22,20621,1
2961,13,22,2569,1
2962,14,22,832,1
2963,15,22,6698,1
2964,16,22,0,2
2965,17,22,416,2
2966,18,22,19307,2
2967,19,22,3883,2
2968,20,22,2004,2
2969,21,22,5526,2
2970,22,22,0,3
2971,23,22,416,3
2972,24,22,5619,3
2973,25,22,8118,3
2974,26,22,9453,3
2975,27,22,7530,3
2976,28,22,0,4
2977,29,22,17610,4
2978,30,22,2732,4
2979,31,22,3264,4
2980,32,22,7530,4
2981,33,22,0,5
2982,34,22,11222,5
2983,35,22,12384,5
2984,36,22,7530,5
2985,37,22,0,6
2986,38,22,12857,6
2987,39,22,10749,6
2988,40,22,7530,6
2989,41,22,0,7
2990,42,22,7,7
2991,43,22,11,7
2992,44,22,32,7
2993,45,22,32,7
2994,46,22,52,7
2995,47,22,59,7
2996,48,22,52,7
2997,49,22,73,7
2998,50,22,82,7
2999,51,22,70,7
3000,52,22,79,7
3001,53,22,88,7
3002,54,22,94,7
3003,55,22,102,7
3004,56,22,99,7
3005,57,22,134,7
3006,58,22,120,7
3007,59,22,126,7
3008,60,22,127,7
3009,61,22,147,7
3010,62,22,141,7
3011,63,22,496,7
3012,64,22,472,7
3013,65,22,474,7
3014,66,22,546,7
3015,67,22,469,7
3016,68,22,500,7
3017,69,22,470,7
3018,70,22,507,7
3019,71,22,469,7
3020,72,22,412,7
3021,73,22,467,7
3022,74,22,498,7
3023,75,22,452,7
3024,76,22,456,7
3025,77,22,468,7
3026,78,22,508,7
3027,79,22,441,7
3028,80,22,417,7
3029,81,22,441,7
3030,82,22,445,7
3031,83,22,543,7
3032,84,22,450,7
3033,85,22,503,7
3034,86,22,509,7
3035,87,22,452,7
3036,88,22,458,7
3037,89,22,452,7
3038,90,22,456,7
3039,91,22,460,7
3040,92,22,415,7
3041,93,22,439,7
3042,94,22,442,7
3043,95,22,418,7
3044,96,22,448,7
3045,97,22,431,7
3046,98,22,344,7
3047,99,22,377,7
3048,100,22,364,7
3049,101,22,324,7
3050,102,22,315,7
3051,103,22,301,7
3052,104,22,263,7
3053,105,22,278,7
3054,106,22,264,7
3055,107,22,249,7
3056,108,22,213,7
3057,109,22,185,7
3058,110,22,208,7
3059,111,22,179,7
3060,112,22,172,7
3061,113,22,130,7
3062,114,22,136,7
3063,115,22,137,7
3064,116,22,120,7
3065,117,22,122,7
3066,118,22,79,7
3067,119,22,85,7
3068,120,22,91,7
3069,121,22,62,7
3070,122,22,80,7
3071,123,22,50,7
3072,124,22,51,7
3073,125,22,60,7
3074,126,22,54,7
3075,127,22,51,7
3076,128,22,251,7
3077,129,22,0,7
3078,130,22,0,7
3079,131,22,0,7
3080,132,22,0,7
3081,133,22,7530,7
3082,0,23,0,0
3083,1,23,416,0
3084,2,23,15429,0
3085,3,23,6051,0
3086,4,23,1457,0
3087,5,23,247,0
3088,6,23,7,0
3089,7,23,79,0
3090,8,23,4845,0
3091,9,23,3021,0
3092,10,23,0,1
3093,11,23,416,1
3094,12,23,20617,1
3095,13,23,2574,1
3096,14,23,888,1
3097,15,23,7057,1
3098,16,23,0,2
3099,17,23,416,2
3100,18,23,19260,2
3101,19,23,3931,2
3102,20,23,2133,2
3103,21,23,5812,2
3104,22,23,0,3
3105,23,23,416,3
3106,24,23,5609,3
3107,25,23,8087,3
3108,26,23,9495,3
3109,27,23,7945,3
3110,28,23,0,4
3111,29,23,17619,4
3112,30,23,2728,4
3113,31,23,3260,4
3114,32,23,7945,4
3115,33,23,0,5
3116,34,23,11229,5
3117,35,23,12378,5
3118,36,23,7945,5
3119,37,23,0,6
3120,38,23,12898,6
3121,39,23,10709,6
3122,40,23,7945,6
3123,41,23,0,7
3124,42,23,8,7
3125,43,23,20,7
3126,44,23,16,7
3127,45,23,39,7
3128,46,23,35,7
3129,47,23,64,7
3130,48,23,65,7
3131,49,23,63,7
3132,50,23,79,7
3133,51,23,85,7
3134,52,23,83,7
3135,53,23,82,7
3136,54,23,95,7
3137,55,23,101,7
3138,56,23,107,7
3139,57,23,103,7
3140,58,23,141,7
3141,59,23,125,7
3142,60,23,133,7
3143,61,23,133,7
3144,62,23,153,7
3145,63,23,149,7
3146,64,23,495,7
3147,65,23,475,7
3148,66,23,476,7
3149,67,23,550,7
3150,68,23,469,7
3151,69,23,503,7
3152,70,23,471,7
3153,71,23,508,7
3154,72,23,467,7
3155,73,23,414,7
3156,74,23,470,7
3157,75,23,506,7
3158,76,23,456,7
3159,77,23,454,7
3160,78,23,472,7
3161,79,23,511,7
3162,80,23,447,7
3163,81,23,418,7
3164,82,23,442,7
3165,83,23,444,7
3166,84,23,532,7
3167,85,23,449,7
3168,86,23,503,7
3169,87,23,505,7
3170,88,23,449,7
3171,89,23,456,7
3172,90,23,451,7
3173,91,23,450,7
3174,92,23,461,7
3175,93,23,411,7
3176,94,23,438,7
3177,95,23,440,7
3178,96,23,416,7
3179,97,23,437,7
3180,98,23,423,7
3181,99,23,336,7
3182,100,23,367,7
3183,101,23,356,7
3184,102,23,316,7
3185,103,23,309,7
3186,104,23,300,7
3187,105,23,258,7
3188,106,23,276,7
3189,107,23,270,7
3190,108,23,234,7
3191,109,23,200,7
3192,110,23,176,7
3193,111,23,196,7
3194,112,23,175,7
3195,113,23,170,7
3196,114,23,128,7
3197,115,23,131,7
3198,116,23,136,7
3199,117,23,115,7
3200,118,23,120,7
3201,119,23,77,7
3202,120,23,83,7
3203,121,23,89,7
3204,122,23,58,7
3205,123,23,77,7
3206,124,23,50,7
3207,125,23,50,7
3208,126,23,60,7
3209,127,23,51,7
3210,128,23,50,7
3211,129,23,245,7
3212,130,23,0,7
3213,131,23,0,7
3214,132,23,0,7
3215,133,23,7945,7
3216,0,24,0,0
3217,1,24,416,0
3218,2,24,15387,0
3219,3,24,6041,0
3220,4,24,1460,0
3221,5,24,251,0
3222,6,24,5,0
3223,7,24,83,0
3224,8,24,5103,0
3225,9,24,3222,0
3226,10,24,0,1
3227,11,24,416,1
3228,12,24,20553,1
3229,13,24,2591,1
3230,14,24,937,1
3231,15,24,7471,1
3232,16,24,0,2
3233,17,24,416,2
3234,18,24,19178,2
3235,19,24,3966,2
3236,20,24,2285,2
3237,21,24,6123,2
3238,22,24,0,3
3239,23,24,416,3
3240,24,24,5608,3
3241,25,24,8067,3
3242,26,24,9469,3
3243,27,24,8408,3
3244,28,24,0,4
3245,29,24,17600,4
3246,30,24,2731,4
3247,31,24,3229,4
3248,32,24,8408,4
3249,33,24,0,5
3250,34,24,11174,5
3251,35,24,12386,5
3252,36,24,8408,5
3253,37,24,0,6
3254,38,24,12871,6
3255,39,24,10689,6
3256,40,24,8408,6
3257,41,24,0,7
3258,42,24,7,7
3259,43,24,14,7
3260,44,24,27,7
3261,45,24,20,7
3262,46,24,48,7
3263,47,24,46,7
3264,48,24,75,7
3265,49,24,76,7
3266,50,24,69,7
3267,51,24,89,7
3268,52,24,87,7
3269,53,24,90,7
3270,54,24,89,7
3271,55,24,96,7
3272,56,24,108,7
3273,57,24,113,7
3274,58,24,107,7
3275,59,24,144,7
3276,60,24,130,7
3277,61,24,138,7
3278,62,24,142,7
3279,63,24,160,7
3280,64,24,158,7
3281,65,24,492,7
3282,66,24,476,7
3283,67,24,472,7
3284,68,24,549,7
3285,69,24,471,7
3286,70,24,508,7
3287,71,24,484,7
3288,72,24,505,7
3289,73,24,471,7
3290,74,24,423,7
3291,75,24,476,7
3292,76,24,509,7
3293,77,24,452,7
3294,78,24,445,7
3295,79,24,474,7
3296,80,24,506,7
3297,81,24,450,7
3298,82,24,415,7
3299,83,24,440,7
3300,84,24,448,7
3301,85,24,535,7
3302,86,24,451,7
3303,87,24,490,7
3304,88,24,504,7
3305,89,24,443,7
3306,90,24,456,7
3307,91,24,448,7
3308,92,24,443,7
3309,93,24,461,7
3310,94,24,404,7
3311,95,24,430,7
3312,96,24,435,7
3313,97,24,413,7
3314,98,24,425,7
3315,99,24,415,7
3316,100,24,327,7
3317,101,24,359,7
3318,102,24,353,7
3319,103,24,308,7
3320,104,24,303,7
3321,105,24,292,7
3322,106,24,252,7
3323,107,24,271,7
3324,108,24,257,7
3325,109,24,223,7
3326,110,24,190,7
3327,111,24,172,7
3328,112,24,192,7
3329,113,24,171,7
3330,114,24,166,7
3331,115,24,126,7
3332,116,24,130,7
3333,117,24,130,7
3334,118,24,114,7
3335,119,24,111,7
3336,120,24,71,7
3337,121,24,80,7
3338,122,24,84,7
3339,123,24,57,7
3340,124,24,75,7
3341,125,24,49,7
3342,126,24,49,7
3343,127,24,58,7
3344,128,24,48,7
3345,129,24,50,7
3346,130,24,240,7
3347,131,24,0,7
3348,132,24,0,7
3349,133,24,8408,7
3350,0,25,0,0
3351,1,25,416,0
3352,2,25,15373,0
3353,3,25,6039,0
3354,4,25,1466,0
3355,5,25,259,0
3356,6,25,4,0
3357,7,25,86,0
3358,8,25,5327,0
3359,9,25,3414,0
3360,10,25,0,1
3361,11,25,416,1
3362,12,25,20511,1
3363,13,25,2630,1
3364,14,25,977,1
3365,15,25,7850,1
3366,16,25,0,2
3367,17,25,416,2
3368,18,25,19165,2
3369,19,25,3976,2
3370,20,25,2437,2
3371,21,25,6390,2
3372,22,25,0,3
3373,23,25,416,3
3374,24,25,5604,3
3375,25,25,8044,3
3376,26,25,9493,3
3377,27,25,8827,3
3378,28,25,0,4
3379,29,25,17609,4
3380,30,25,2734,4
3381,31,25,3214,4
3382,32,25,8827,4
3383,33,25,0,5
3384,34,25,11174,5
3385,35,25,12383,5
3386,36,25,8827,5
3387,37,25,0,6
3388,38,25,12809,6
3389,39,25,10748,6
3390,40,25,8827,6
3391,41,25,0,7
3392,42,25,5,7
3393,43,25,19,7
3394,44,25,23,7
3395,45,25,33,7
3396,46,25,25,7
3397,47,25,59,7
3398,48,25,52,7
3399,49,25,82,7
3400,50,25,82,7
3401,51,25,81,7
3402,52,25,93,7
3403,53,25,88,7
3404,54,25,94,7
3405,55,25,91,7
3406,56,25,106,7
3407,57,25,114,7
3408,58,25,123,7
3409,59,25,120,7
3410,60,25,150,7
3411,61,25,145,7
3412,62,25,147,7
3413,63,25,149,7
3414,64,25,168,7
3415,65,25,163,7
3416,66,25,491,7
3417,67,25,473,7
3418,68,25,475,7
3419,69,25,553,7
3420,70,25,474,7
3421,71,25,505,7
3422,72,25,488,7
3423,73,25,509,7
3424,74,25,472,7
3425,75,25,423,7
3426,76,25,477,7
3427,77,25,510,7
3428,78,25,451,7
3429,79,25,449,7
3430,80,25,478,7
3431,81,25,501,7
3432,82,25,460,7
3433,83,25,421,7
3434,84,25,437,7
3435,85,25,445,7
3436,86,25,533,7
3437,87,25,454,7
3438,88,25,493,7
3439,89,25,502,7
3440,90,25,440,7
3441,91,25,454,7
3442,92,25,443,7
3443,93,25,439,7
3444,94,25,460,7
3445,95,25,394,7
3446,96,25,426,7
3447,97,25,430,7
3448,98,25,402,7
3449,99,25,411,7
3450,100,25,409,7
3451,101,25,321,7
3452,102,25,351,7
3453,103,25,342,7
3454,104,25,295,7
3455,105,25,298,7
3456,106,25,281,7
3457,107,25,260,7
3458,108,25,258,7
3459,109,25,244,7
3460,110,25,215,7
3461,111,25,186,7
3462,112,25,167,7
3463,113,25,185,7
3464,114,25,166,7
3465,115,25,162,7
3466,116,25,122,7
3467,117,25,126,7
3468,118,25,124,7
3469,119,25,114,7
3470,120,25,107,7
3471,121,25,68,7
3472,122,25,77,7
3473,123,25,81,7
3474,124,25,55,7
3475,125,25,73,7
3476,126,25,47,7
3477,127,25,48,7
3478,128,25,58,7
3479,129,25,47,7
3480,130,25,49,7
3481,131,25,236,7
3482,132,25,0,7
3483,133,25,8827,7
3484,0,26,0,0
3485,1,26,416,0
3486,2,26,15281,0
3487,3,26,6077,0
3488,4,26,1462,0
3489,5,26,261,0
3490,6,26,10,0
3491,7,26,86,0
3492,8,26,5569,0
3493,9,26,3638,0
3494,10,26,0,1
3495,11,26,416,1
3496,12,26,20415,1
3497,13,26,2676,1
3498,14,26,1034,1
3499,15,26,8259,1
3500,16,26,0,2
3501,17,26,416,2
3502,18,26,19093,2
3503,19,26,3998,2
3504,20,26,2604,2
3505,21,26,6689,2
3506,22,26,0,3
3507,23,26,416,3
3508,24,26,5595,3
3509,25,26,7990,3
3510,26,26,9506,3
3511,27,26,9293,3
3512,28,26,0,4
3513,29,26,17554,4
3514,30,26,2740,4
3515,31,26,3213,4
3516,32,26,9293,4
3517,33,26,0,5
3518,34,26,11133,5
3519,35,26,12374,5
3520,36,26,9293,5
3521,37,26,0,6
3522,38,26,12755,6
3523,39,26,10752,6
3524,40,26,9293,6
3525,41,26,0,7
3526,42,26,8,7
3527,43,26,10,7
3528,44,26,27,7
3529,45,26,29,7
3530,46,26,39,7
3531,47,26,33,7
3532,48,26,62,7
3533,49,26,62,7
3534,50,26,87,7
3535,51,26,90,7
3536,52,26,88,7
3537,53,26,96,7
3538,54,26,96,7
3539,55,26,104,7
3540,56,26,91,7
3541,57,26,114,7
3542,58,26,119,7
3543,59,26,131,7
3544,60,26,125,7
3545,61,26,163,7
3546,62,26,158,7
3547,63,26,155,7
3548,64,26,150,7
3549,65,26,175,7
3550,66,26,169,7
3551,67,26,493,7
3552,68,26,469,7
3553,69,26,479,7
3554,70,26,558,7
3555,71,26,469,7
3556,72,26,507,7
3557,73,26,494,7
3558,74,26,514,7
3559,75,26,470,7
3560,76,26,432,7
3561,77,26,475,7
3562,78,26,511,7
3563,79,26,451,7
3564,80,26,454,7
3565,81,26,478,7
3566,82,26,501,7
3567,83,26,461,7
3568,84,26,420,7
3569,85,26,437,7
3570,86,26,442,7
3571,87,26,530,7
3572,88,26,449,7
3573,89,26,487,7
3574,90,26,496,7
3575,91,26,439,7
3576,92,26,446,7
3577,93,26,437,7
3578,94,26,437,7
3579,95,26,454,7
3580,96,26,384,7
3581,97,26,420,7
3582,98,26,427,7
3583,99,26,388,7
3584,100,26,402,7
3585,101,26,401,7
3586,102,26,309,7
3587,103,26,347,7
3588,104,26,335,7
3589,105,26,293,7
3590,106,26,290,7
3591,107,26,284,7
3592,108,26,250,7
3593,109,26,248,7
3594,110,26,230,7
3595,111,26,208,7
3596,112,26,179,7
3597,113,26,162,7
3598,114,26,179,7
3599,115,26,160,7
3600,116,26,156,7
3601,117,26,117,7
3602,118,26,122,7
3603,119,26,118,7
3604,120,26,107,7
3605,121,26,105,7
3606,122,26,65,7
3607,123,26,76,7
3608,124,26,78,7
3609,125,26,53,7
3610,126,26,71,7
3611,127,26,45,7
3612,128,26,44,7
3613,129,26,57,7
3614,130,26,47,7
3615,131,26,49,7
3616,132,26,230,7
3617,133,26,9293,7
3618,0,27,0,0
3619,1,27,416,0
3620,2,27,15244,0
3621,3,27,6093,0
3622,4,27,1459,0
3623,5,27,261,0
3624,6,27,7,0
3625,7,27,90,0
3626,8,27,5818,0
3627,9,27,3828,0
3628,10,27,0,1
3629,11,27,416,1
3630,12,27,20385,1
3631,13,27,2679,1
3632,14,27,1077,1
3633,15,27,8659,1
3634,16,27,0,2
3635,17,27,416,2
3636,18,27,19005,2
3637,19,27,4059,2
3638,20,27,2751,2
3639,21,27,6985,2
3640,22,27,0,3
3641,23,27,416,3
3642,24,27,5580,3
3643,25,27,7944,3
3644,26,27,9540,3
3645,27,27,9736,3
3646,28,27,0,4
3647,29,27,17553,4
3648,30,27,2731,4
3649,31,27,3196,4
3650,32,27,9736,4
3651,33,27,0,5
3652,34,27,11113,5
3653,35,27,12367,5
3654,36,27,9736,5
3655,37,27,0,6
3656,38,27,12727,6
3657,39,27,10753,6
3658,40,27,9736,6
3659,41,27,0,7
3660,42,27,6,7
3661,43,27,14,7
3662,44,27,18,7
3663,45,27,35,7
3664,46,27,40,7
3665,47,27,50,7
3666,48,27,41,7
3667,49,27,65,7
3668,50,27,70,7
3669,51,27,95,7
3670,52,27,97,7
3671,53,27,92,7
3672,54,27,103,7
3673,55,27,104,7
3674,56,27,112,7
3675,57,27,96,7
3676,58,27,119,7
3677,59,27,126,7
3678,60,27,138,7
3679,61,27,128,7
3680,62,27,162,7
3681,63,27,162,7
3682,64,27,173,7
3683,65,27,154,7
3684,66,27,180,7
3685,67,27,180,7
3686,68,27,497,7
3687,69,27,472,7
3688,70,27,486,7
3689,71,27,563,7
3690,72,27,469,7
3691,73,27,506,7
3692,74,27,492,7
3693,75,27,514,7
3694,76,27,471,7
3695,77,27,435,7
3696,78,27,472,7
3697,79,27,508,7
3698,80,27,453,7
3699,81,27,454,7
3700,82,27,473,7
3701,83,27,499,7
3702,84,27,457,7
3703,85,27,418,7
3704,86,27,437,7
3705,87,27,444,7
3706,88,27,525,7
3707,89,27,448,7
3708,90,27,481,7
3709,91,27,491,7
3710,92,27,438,7
3711,93,27,446,7
3712,94,27,420,7
3713,95,27,432,7
3714,96,27,442,7
3715,97,27,374,7
3716,98,27,412,7
3717,99,27,428,7
3718,100,27,386,7
3719,101,27,394,7
3720,102,27,393,7
3721,103,27,304,7
3722,104,27,346,7
3723,105,27,328,7
3724,106,27,288,7
3725,107,27,287,7
3726,108,27,277,7
3727,109,27,239,7
3728,110,27,243,7
3729,111,27,218,7
3730,112,27,200,7
3731,113,27,174,7
3732,114,27,154,7
3733,115,27,172,7
3734,116,27,160,7
3735,117,27,154,7
3736,118,27,116,7
3737,119,27,117,7
3738,120,27,116,7
3739,121,27,103,7
3740,122,27,98,7
3741,123,27,64,7
3742,124,27,74,7
3743,125,27,76,7
3744,126,27,50,7
3745,127,27,69,7
3746,128,27,45,7
3747,129,27,42,7
3748,130,27,57,7
3749,131,27,44,7
3750,132,27,275,7
3751,133,27,9736,7
