Id,Intervention_id,Name,To_state_id,Sex_state_id,Race_state_id,Age_state_id,Adjustment_factor
0,0,control,39,34,31,44,1
1,0,control,39,34,31,45,1
2,0,control,39,34,31,46,1
3,0,control,39,34,31,47,1
4,0,control,39,34,31,48,1
5,0,control,39,34,31,49,1
6,0,control,39,34,31,50,1
7,0,control,39,34,31,51,1
8,0,control,39,34,31,52,1
9,0,control,39,34,31,53,1
10,0,control,39,34,31,54,1
11,0,control,39,34,31,55,1
12,0,control,39,34,31,56,1
13,0,control,39,34,31,57,1
14,0,control,39,34,31,58,1
15,0,control,39,34,31,59,1
16,0,control,39,34,31,60,1
17,0,control,39,34,31,61,1
18,0,control,39,34,31,62,1
19,0,control,39,34,31,63,1
20,0,control,39,34,31,64,1
21,0,control,39,34,31,65,1
22,0,control,39,34,31,66,1
23,0,control,39,34,31,67,1
24,0,control,39,34,31,68,1
25,0,control,39,34,31,69,1
26,0,control,39,34,31,70,1
27,0,control,39,34,31,71,1
28,0,control,39,34,31,72,1
29,0,control,39,34,31,73,1
30,0,control,39,34,31,74,1
31,0,control,39,34,31,75,1
32,0,control,39,34,31,76,1
33,0,control,39,34,31,77,1
34,0,control,39,34,31,78,1
35,0,control,39,34,31,79,1
36,0,control,39,34,31,80,1
37,0,control,39,34,31,81,1
38,0,control,39,34,31,82,1
39,0,control,39,34,31,83,1
40,0,control,39,34,31,84,1
41,0,control,39,34,31,85,1
42,0,control,39,34,31,86,1
43,0,control,39,34,31,87,1
44,0,control,39,34,31,88,1
45,0,control,39,34,31,89,1
46,0,control,39,34,31,90,1
47,0,control,39,34,31,91,1
48,0,control,39,34,31,92,1
49,0,control,39,34,31,93,1
50,0,control,39,34,31,94,1
51,0,control,39,34,31,95,1
52,0,control,39,34,31,96,1
53,0,control,39,34,31,97,1
54,0,control,39,34,31,98,1
55,0,control,39,34,31,99,1
56,0,control,39,34,31,100,1
57,0,control,39,34,31,101,1
58,0,control,39,34,31,102,1
59,0,control,39,34,31,103,1
60,0,control,39,34,31,104,1
61,0,control,39,34,31,105,1
62,0,control,39,34,31,106,1
63,0,control,39,34,31,107,1
64,0,control,39,34,31,108,1
65,0,control,39,34,31,109,1
66,0,control,39,34,31,110,1
67,0,control,39,34,31,111,1
68,0,control,39,34,31,112,1
69,0,control,39,34,31,113,1
70,0,control,39,34,31,114,1
71,0,control,39,34,31,115,1
72,0,control,39,34,31,116,1
73,0,control,39,34,31,117,1
74,0,control,39,34,31,118,1
75,0,control,39,34,31,119,1
76,0,control,39,34,31,120,1
77,0,control,39,34,31,121,1
78,0,control,39,34,31,122,1
79,0,control,39,34,31,123,1
80,0,control,39,34,31,124,1
81,0,control,39,34,31,125,1
82,0,control,39,34,31,126,1
83,0,control,39,34,31,127,1
84,0,control,39,34,31,128,1
85,0,control,39,34,31,129,1
86,0,control,39,34,31,130,1
87,0,control,39,34,31,131,1
88,0,control,39,34,31,132,1
89,0,control,39,34,31,133,1
90,0,control,39,34,31,134,1
91,0,control,39,34,29,44,1
92,0,control,39,34,29,45,1
93,0,control,39,34,29,46,1
94,0,control,39,34,29,47,1
95,0,control,39,34,29,48,1
96,0,control,39,34,29,49,1
97,0,control,39,34,29,50,1
98,0,control,39,34,29,51,1
99,0,control,39,34,29,52,1
100,0,control,39,34,29,53,1
101,0,control,39,34,29,54,1
102,0,control,39,34,29,55,1
103,0,control,39,34,29,56,1
104,0,control,39,34,29,57,1
105,0,control,39,34,29,58,1
106,0,control,39,34,29,59,1
107,0,control,39,34,29,60,1
108,0,control,39,34,29,61,1
109,0,control,39,34,29,62,1
110,0,control,39,34,29,63,1
111,0,control,39,34,29,64,1
112,0,control,39,34,29,65,1
113,0,control,39,34,29,66,1
114,0,control,39,34,29,67,1
115,0,control,39,34,29,68,1
116,0,control,39,34,29,69,1
117,0,control,39,34,29,70,1
118,0,control,39,34,29,71,1
119,0,control,39,34,29,72,1
120,0,control,39,34,29,73,1
121,0,control,39,34,29,74,1
122,0,control,39,34,29,75,1
123,0,control,39,34,29,76,1
124,0,control,39,34,29,77,1
125,0,control,39,34,29,78,1
126,0,control,39,34,29,79,1
127,0,control,39,34,29,80,1
128,0,control,39,34,29,81,1
129,0,control,39,34,29,82,1
130,0,control,39,34,29,83,1
131,0,control,39,34,29,84,1
132,0,control,39,34,29,85,1
133,0,control,39,34,29,86,1
134,0,control,39,34,29,87,1
135,0,control,39,34,29,88,1
136,0,control,39,34,29,89,1
137,0,control,39,34,29,90,1
138,0,control,39,34,29,91,1
139,0,control,39,34,29,92,1
140,0,control,39,34,29,93,1
141,0,control,39,34,29,94,1
142,0,control,39,34,29,95,1
143,0,control,39,34,29,96,1
144,0,control,39,34,29,97,1
145,0,control,39,34,29,98,1
146,0,control,39,34,29,99,1
147,0,control,39,34,29,100,1
148,0,control,39,34,29,101,1
149,0,control,39,34,29,102,1
150,0,control,39,34,29,103,1
151,0,control,39,34,29,104,1
152,0,control,39,34,29,105,1
153,0,control,39,34,29,106,1
154,0,control,39,34,29,107,1
155,0,control,39,34,29,108,1
156,0,control,39,34,29,109,1
157,0,control,39,34,29,110,1
158,0,control,39,34,29,111,1
159,0,control,39,34,29,112,1
160,0,control,39,34,29,113,1
161,0,control,39,34,29,114,1
162,0,control,39,34,29,115,1
163,0,control,39,34,29,116,1
164,0,control,39,34,29,117,1
165,0,control,39,34,29,118,1
166,0,control,39,34,29,119,1
167,0,control,39,34,29,120,1
168,0,control,39,34,29,121,1
169,0,control,39,34,29,122,1
170,0,control,39,34,29,123,1
171,0,control,39,34,29,124,1
172,0,control,39,34,29,125,1
173,0,control,39,34,29,126,1
174,0,control,39,34,29,127,1
175,0,control,39,34,29,128,1
176,0,control,39,34,29,129,1
177,0,control,39,34,29,130,1
178,0,control,39,34,29,131,1
179,0,control,39,34,29,132,1
180,0,control,39,34,29,133,1
181,0,control,39,34,29,134,1
182,0,control,39,34,30,44,1
183,0,control,39,34,30,45,1
184,0,control,39,34,30,46,1
185,0,control,39,34,30,47,1
186,0,control,39,34,30,48,1
187,0,control,39,34,30,49,1
188,0,control,39,34,30,50,1
189,0,control,39,34,30,51,1
190,0,control,39,34,30,52,1
191,0,control,39,34,30,53,1
192,0,control,39,34,30,54,1
193,0,control,39,34,30,55,1
194,0,control,39,34,30,56,1
195,0,control,39,34,30,57,1
196,0,control,39,34,30,58,1
197,0,control,39,34,30,59,1
198,0,control,39,34,30,60,1
199,0,control,39,34,30,61,1
200,0,control,39,34,30,62,1
201,0,control,39,34,30,63,1
202,0,control,39,34,30,64,1
203,0,control,39,34,30,65,1
204,0,control,39,34,30,66,1
205,0,control,39,34,30,67,1
206,0,control,39,34,30,68,1
207,0,control,39,34,30,69,1
208,0,control,39,34,30,70,1
209,0,control,39,34,30,71,1
210,0,control,39,34,30,72,1
211,0,control,39,34,30,73,1
212,0,control,39,34,30,74,1
213,0,control,39,34,30,75,1
214,0,control,39,34,30,76,1
215,0,control,39,34,30,77,1
216,0,control,39,34,30,78,1
217,0,control,39,34,30,79,1
218,0,control,39,34,30,80,1
219,0,control,39,34,30,81,1
220,0,control,39,34,30,82,1
221,0,control,39,34,30,83,1
222,0,control,39,34,30,84,1
223,0,control,39,34,30,85,1
224,0,control,39,34,30,86,1
225,0,control,39,34,30,87,1
226,0,control,39,34,30,88,1
227,0,control,39,34,30,89,1
228,0,control,39,34,30,90,1
229,0,control,39,34,30,91,1
230,0,control,39,34,30,92,1
231,0,control,39,34,30,93,1
232,0,control,39,34,30,94,1
233,0,control,39,34,30,95,1
234,0,control,39,34,30,96,1
235,0,control,39,34,30,97,1
236,0,control,39,34,30,98,1
237,0,control,39,34,30,99,1
238,0,control,39,34,30,100,1
239,0,control,39,34,30,101,1
240,0,control,39,34,30,102,1
241,0,control,39,34,30,103,1
242,0,control,39,34,30,104,1
243,0,control,39,34,30,105,1
244,0,control,39,34,30,106,1
245,0,control,39,34,30,107,1
246,0,control,39,34,30,108,1
247,0,control,39,34,30,109,1
248,0,control,39,34,30,110,1
249,0,control,39,34,30,111,1
250,0,control,39,34,30,112,1
251,0,control,39,34,30,113,1
252,0,control,39,34,30,114,1
253,0,control,39,34,30,115,1
254,0,control,39,34,30,116,1
255,0,control,39,34,30,117,1
256,0,control,39,34,30,118,1
257,0,control,39,34,30,119,1
258,0,control,39,34,30,120,1
259,0,control,39,34,30,121,1
260,0,control,39,34,30,122,1
261,0,control,39,34,30,123,1
262,0,control,39,34,30,124,1
263,0,control,39,34,30,125,1
264,0,control,39,34,30,126,1
265,0,control,39,34,30,127,1
266,0,control,39,34,30,128,1
267,0,control,39,34,30,129,1
268,0,control,39,34,30,130,1
269,0,control,39,34,30,131,1
270,0,control,39,34,30,132,1
271,0,control,39,34,30,133,1
272,0,control,39,34,30,134,1
273,0,control,39,35,31,44,1
274,0,control,39,35,31,45,1
275,0,control,39,35,31,46,1
276,0,control,39,35,31,47,1
277,0,control,39,35,31,48,1
278,0,control,39,35,31,49,1
279,0,control,39,35,31,50,1
280,0,control,39,35,31,51,1
281,0,control,39,35,31,52,1
282,0,control,39,35,31,53,1
283,0,control,39,35,31,54,1
284,0,control,39,35,31,55,1
285,0,control,39,35,31,56,1
286,0,control,39,35,31,57,1
287,0,control,39,35,31,58,1
288,0,control,39,35,31,59,1
289,0,control,39,35,31,60,1
290,0,control,39,35,31,61,1
291,0,control,39,35,31,62,1
292,0,control,39,35,31,63,1
293,0,control,39,35,31,64,1
294,0,control,39,35,31,65,1
295,0,control,39,35,31,66,1
296,0,control,39,35,31,67,1
297,0,control,39,35,31,68,1
298,0,control,39,35,31,69,1
299,0,control,39,35,31,70,1
300,0,control,39,35,31,71,1
301,0,control,39,35,31,72,1
302,0,control,39,35,31,73,1
303,0,control,39,35,31,74,1
304,0,control,39,35,31,75,1
305,0,control,39,35,31,76,1
306,0,control,39,35,31,77,1
307,0,control,39,35,31,78,1
308,0,control,39,35,31,79,1
309,0,control,39,35,31,80,1
310,0,control,39,35,31,81,1
311,0,control,39,35,31,82,1
312,0,control,39,35,31,83,1
313,0,control,39,35,31,84,1
314,0,control,39,35,31,85,1
315,0,control,39,35,31,86,1
316,0,control,39,35,31,87,1
317,0,control,39,35,31,88,1
318,0,control,39,35,31,89,1
319,0,control,39,35,31,90,1
320,0,control,39,35,31,91,1
321,0,control,39,35,31,92,1
322,0,control,39,35,31,93,1
323,0,control,39,35,31,94,1
324,0,control,39,35,31,95,1
325,0,control,39,35,31,96,1
326,0,control,39,35,31,97,1
327,0,control,39,35,31,98,1
328,0,control,39,35,31,99,1
329,0,control,39,35,31,100,1
330,0,control,39,35,31,101,1
331,0,control,39,35,31,102,1
332,0,control,39,35,31,103,1
333,0,control,39,35,31,104,1
334,0,control,39,35,31,105,1
335,0,control,39,35,31,106,1
336,0,control,39,35,31,107,1
337,0,control,39,35,31,108,1
338,0,control,39,35,31,109,1
339,0,control,39,35,31,110,1
340,0,control,39,35,31,111,1
341,0,control,39,35,31,112,1
342,0,control,39,35,31,113,1
343,0,control,39,35,31,114,1
344,0,control,39,35,31,115,1
345,0,control,39,35,31,116,1
346,0,control,39,35,31,117,1
347,0,control,39,35,31,118,1
348,0,control,39,35,31,119,1
349,0,control,39,35,31,120,1
350,0,control,39,35,31,121,1
351,0,control,39,35,31,122,1
352,0,control,39,35,31,123,1
353,0,control,39,35,31,124,1
354,0,control,39,35,31,125,1
355,0,control,39,35,31,126,1
356,0,control,39,35,31,127,1
357,0,control,39,35,31,128,1
358,0,control,39,35,31,129,1
359,0,control,39,35,31,130,1
360,0,control,39,35,31,131,1
361,0,control,39,35,31,132,1
362,0,control,39,35,31,133,1
363,0,control,39,35,31,134,1
364,0,control,39,35,29,44,1
365,0,control,39,35,29,45,1
366,0,control,39,35,29,46,1
367,0,control,39,35,29,47,1
368,0,control,39,35,29,48,1
369,0,control,39,35,29,49,1
370,0,control,39,35,29,50,1
371,0,control,39,35,29,51,1
372,0,control,39,35,29,52,1
373,0,control,39,35,29,53,1
374,0,control,39,35,29,54,1
375,0,control,39,35,29,55,1
376,0,control,39,35,29,56,1
377,0,control,39,35,29,57,1
378,0,control,39,35,29,58,1
379,0,control,39,35,29,59,1
380,0,control,39,35,29,60,1
381,0,control,39,35,29,61,1
382,0,control,39,35,29,62,1
383,0,control,39,35,29,63,1
384,0,control,39,35,29,64,1
385,0,control,39,35,29,65,1
386,0,control,39,35,29,66,1
387,0,control,39,35,29,67,1
388,0,control,39,35,29,68,1
389,0,control,39,35,29,69,1
390,0,control,39,35,29,70,1
391,0,control,39,35,29,71,1
392,0,control,39,35,29,72,1
393,0,control,39,35,29,73,1
394,0,control,39,35,29,74,1
395,0,control,39,35,29,75,1
396,0,control,39,35,29,76,1
397,0,control,39,35,29,77,1
398,0,control,39,35,29,78,1
399,0,control,39,35,29,79,1
400,0,control,39,35,29,80,1
401,0,control,39,35,29,81,1
402,0,control,39,35,29,82,1
403,0,control,39,35,29,83,1
404,0,control,39,35,29,84,1
405,0,control,39,35,29,85,1
406,0,control,39,35,29,86,1
407,0,control,39,35,29,87,1
408,0,control,39,35,29,88,1
409,0,control,39,35,29,89,1
410,0,control,39,35,29,90,1
411,0,control,39,35,29,91,1
412,0,control,39,35,29,92,1
413,0,control,39,35,29,93,1
414,0,control,39,35,29,94,1
415,0,control,39,35,29,95,1
416,0,control,39,35,29,96,1
417,0,control,39,35,29,97,1
418,0,control,39,35,29,98,1
419,0,control,39,35,29,99,1
420,0,control,39,35,29,100,1
421,0,control,39,35,29,101,1
422,0,control,39,35,29,102,1
423,0,control,39,35,29,103,1
424,0,control,39,35,29,104,1
425,0,control,39,35,29,105,1
426,0,control,39,35,29,106,1
427,0,control,39,35,29,107,1
428,0,control,39,35,29,108,1
429,0,control,39,35,29,109,1
430,0,control,39,35,29,110,1
431,0,control,39,35,29,111,1
432,0,control,39,35,29,112,1
433,0,control,39,35,29,113,1
434,0,control,39,35,29,114,1
435,0,control,39,35,29,115,1
436,0,control,39,35,29,116,1
437,0,control,39,35,29,117,1
438,0,control,39,35,29,118,1
439,0,control,39,35,29,119,1
440,0,control,39,35,29,120,1
441,0,control,39,35,29,121,1
442,0,control,39,35,29,122,1
443,0,control,39,35,29,123,1
444,0,control,39,35,29,124,1
445,0,control,39,35,29,125,1
446,0,control,39,35,29,126,1
447,0,control,39,35,29,127,1
448,0,control,39,35,29,128,1
449,0,control,39,35,29,129,1
450,0,control,39,35,29,130,1
451,0,control,39,35,29,131,1
452,0,control,39,35,29,132,1
453,0,control,39,35,29,133,1
454,0,control,39,35,29,134,1
455,0,control,39,35,30,44,1
456,0,control,39,35,30,45,1
457,0,control,39,35,30,46,1
458,0,control,39,35,30,47,1
459,0,control,39,35,30,48,1
460,0,control,39,35,30,49,1
461,0,control,39,35,30,50,1
462,0,control,39,35,30,51,1
463,0,control,39,35,30,52,1
464,0,control,39,35,30,53,1
465,0,control,39,35,30,54,1
466,0,control,39,35,30,55,1
467,0,control,39,35,30,56,1
468,0,control,39,35,30,57,1
469,0,control,39,35,30,58,1
470,0,control,39,35,30,59,1
471,0,control,39,35,30,60,1
472,0,control,39,35,30,61,1
473,0,control,39,35,30,62,1
474,0,control,39,35,30,63,1
475,0,control,39,35,30,64,1
476,0,control,39,35,30,65,1
477,0,control,39,35,30,66,1
478,0,control,39,35,30,67,1
479,0,control,39,35,30,68,1
480,0,control,39,35,30,69,1
481,0,control,39,35,30,70,1
482,0,control,39,35,30,71,1
483,0,control,39,35,30,72,1
484,0,control,39,35,30,73,1
485,0,control,39,35,30,74,1
486,0,control,39,35,30,75,1
487,0,control,39,35,30,76,1
488,0,control,39,35,30,77,1
489,0,control,39,35,30,78,1
490,0,control,39,35,30,79,1
491,0,control,39,35,30,80,1
492,0,control,39,35,30,81,1
493,0,control,39,35,30,82,1
494,0,control,39,35,30,83,1
495,0,control,39,35,30,84,1
496,0,control,39,35,30,85,1
497,0,control,39,35,30,86,1
498,0,control,39,35,30,87,1
499,0,control,39,35,30,88,1
500,0,control,39,35,30,89,1
501,0,control,39,35,30,90,1
502,0,control,39,35,30,91,1
503,0,control,39,35,30,92,1
504,0,control,39,35,30,93,1
505,0,control,39,35,30,94,1
506,0,control,39,35,30,95,1
507,0,control,39,35,30,96,1
508,0,control,39,35,30,97,1
509,0,control,39,35,30,98,1
510,0,control,39,35,30,99,1
511,0,control,39,35,30,100,1
512,0,control,39,35,30,101,1
513,0,control,39,35,30,102,1
514,0,control,39,35,30,103,1
515,0,control,39,35,30,104,1
516,0,control,39,35,30,105,1
517,0,control,39,35,30,106,1
518,0,control,39,35,30,107,1
519,0,control,39,35,30,108,1
520,0,control,39,35,30,109,1
521,0,control,39,35,30,110,1
522,0,control,39,35,30,111,1
523,0,control,39,35,30,112,1
524,0,control,39,35,30,113,1
525,0,control,39,35,30,114,1
526,0,control,39,35,30,115,1
527,0,control,39,35,30,116,1
528,0,control,39,35,30,117,1
529,0,control,39,35,30,118,1
530,0,control,39,35,30,119,1
531,0,control,39,35,30,120,1
532,0,control,39,35,30,121,1
533,0,control,39,35,30,122,1
534,0,control,39,35,30,123,1
535,0,control,39,35,30,124,1
536,0,control,39,35,30,125,1
537,0,control,39,35,30,126,1
538,0,control,39,35,30,127,1
539,0,control,39,35,30,128,1
540,0,control,39,35,30,129,1
541,0,control,39,35,30,130,1
542,0,control,39,35,30,131,1
543,0,control,39,35,30,132,1
544,0,control,39,35,30,133,1
545,0,control,39,35,30,134,1
546,1,reduction by 0.2,39,34,31,44,0.841194969
547,1,reduction by 0.2,39,34,31,45,0.841194969
548,1,reduction by 0.2,39,34,31,46,0.841194969
549,1,reduction by 0.2,39,34,31,47,0.841194969
550,1,reduction by 0.2,39,34,31,48,0.841194969
551,1,reduction by 0.2,39,34,31,49,0.841194969
552,1,reduction by 0.2,39,34,31,50,0.841194969
553,1,reduction by 0.2,39,34,31,51,0.841194969
554,1,reduction by 0.2,39,34,31,52,0.841194969
555,1,reduction by 0.2,39,34,31,53,0.841194969
556,1,reduction by 0.2,39,34,31,54,0.841194969
557,1,reduction by 0.2,39,34,31,55,0.841194969
558,1,reduction by 0.2,39,34,31,56,0.841194969
559,1,reduction by 0.2,39,34,31,57,0.841194969
560,1,reduction by 0.2,39,34,31,58,0.841194969
561,1,reduction by 0.2,39,34,31,59,0.841194969
562,1,reduction by 0.2,39,34,31,60,0.841194969
563,1,reduction by 0.2,39,34,31,61,0.841194969
564,1,reduction by 0.2,39,34,31,62,0.841194969
565,1,reduction by 0.2,39,34,31,63,0.841194969
566,1,reduction by 0.2,39,34,31,64,0.841194969
567,1,reduction by 0.2,39,34,31,65,0.841194969
568,1,reduction by 0.2,39,34,31,66,0.841194969
569,1,reduction by 0.2,39,34,31,67,0.841194969
570,1,reduction by 0.2,39,34,31,68,0.841194969
571,1,reduction by 0.2,39,34,31,69,0.841194969
572,1,reduction by 0.2,39,34,31,70,0.841194969
573,1,reduction by 0.2,39,34,31,71,0.841194969
574,1,reduction by 0.2,39,34,31,72,0.841194969
575,1,reduction by 0.2,39,34,31,73,0.841194969
576,1,reduction by 0.2,39,34,31,74,0.841194969
577,1,reduction by 0.2,39,34,31,75,0.841194969
578,1,reduction by 0.2,39,34,31,76,0.841194969
579,1,reduction by 0.2,39,34,31,77,0.841194969
580,1,reduction by 0.2,39,34,31,78,0.841194969
581,1,reduction by 0.2,39,34,31,79,0.841194969
582,1,reduction by 0.2,39,34,31,80,0.841194969
583,1,reduction by 0.2,39,34,31,81,0.841194969
584,1,reduction by 0.2,39,34,31,82,0.841194969
585,1,reduction by 0.2,39,34,31,83,0.841194969
586,1,reduction by 0.2,39,34,31,84,0.841194969
587,1,reduction by 0.2,39,34,31,85,0.841194969
588,1,reduction by 0.2,39,34,31,86,0.841194969
589,1,reduction by 0.2,39,34,31,87,0.841194969
590,1,reduction by 0.2,39,34,31,88,0.841194969
591,1,reduction by 0.2,39,34,31,89,0.841194969
592,1,reduction by 0.2,39,34,31,90,0.841194969
593,1,reduction by 0.2,39,34,31,91,0.841194969
594,1,reduction by 0.2,39,34,31,92,0.841194969
595,1,reduction by 0.2,39,34,31,93,0.841194969
596,1,reduction by 0.2,39,34,31,94,0.841194969
597,1,reduction by 0.2,39,34,31,95,0.841194969
598,1,reduction by 0.2,39,34,31,96,0.841194969
599,1,reduction by 0.2,39,34,31,97,0.841194969
600,1,reduction by 0.2,39,34,31,98,0.841194969
601,1,reduction by 0.2,39,34,31,99,0.841194969
602,1,reduction by 0.2,39,34,31,100,0.841194969
603,1,reduction by 0.2,39,34,31,101,0.841194969
604,1,reduction by 0.2,39,34,31,102,0.841194969
605,1,reduction by 0.2,39,34,31,103,0.841194969
606,1,reduction by 0.2,39,34,31,104,0.841194969
607,1,reduction by 0.2,39,34,31,105,0.841194969
608,1,reduction by 0.2,39,34,31,106,0.841194969
609,1,reduction by 0.2,39,34,31,107,0.841194969
610,1,reduction by 0.2,39,34,31,108,0.841194969
611,1,reduction by 0.2,39,34,31,109,0.841194969
612,1,reduction by 0.2,39,34,31,110,0.841194969
613,1,reduction by 0.2,39,34,31,111,0.841194969
614,1,reduction by 0.2,39,34,31,112,0.841194969
615,1,reduction by 0.2,39,34,31,113,0.841194969
616,1,reduction by 0.2,39,34,31,114,0.841194969
617,1,reduction by 0.2,39,34,31,115,0.841194969
618,1,reduction by 0.2,39,34,31,116,0.841194969
619,1,reduction by 0.2,39,34,31,117,0.841194969
620,1,reduction by 0.2,39,34,31,118,0.841194969
621,1,reduction by 0.2,39,34,31,119,0.841194969
622,1,reduction by 0.2,39,34,31,120,0.841194969
623,1,reduction by 0.2,39,34,31,121,0.841194969
624,1,reduction by 0.2,39,34,31,122,0.841194969
625,1,reduction by 0.2,39,34,31,123,0.841194969
626,1,reduction by 0.2,39,34,31,124,0.841194969
627,1,reduction by 0.2,39,34,31,125,0.841194969
628,1,reduction by 0.2,39,34,31,126,0.841194969
629,1,reduction by 0.2,39,34,31,127,0.841194969
630,1,reduction by 0.2,39,34,31,128,0.841194969
631,1,reduction by 0.2,39,34,31,129,0.841194969
632,1,reduction by 0.2,39,34,31,130,0.841194969
633,1,reduction by 0.2,39,34,31,131,0.841194969
634,1,reduction by 0.2,39,34,31,132,0.841194969
635,1,reduction by 0.2,39,34,31,133,0.841194969
636,1,reduction by 0.2,39,34,31,134,0.841194969
637,1,reduction by 0.2,39,34,29,44,0.842767296
638,1,reduction by 0.2,39,34,29,45,0.842767296
639,1,reduction by 0.2,39,34,29,46,0.842767296
640,1,reduction by 0.2,39,34,29,47,0.842767296
641,1,reduction by 0.2,39,34,29,48,0.842767296
642,1,reduction by 0.2,39,34,29,49,0.842767296
643,1,reduction by 0.2,39,34,29,50,0.842767296
644,1,reduction by 0.2,39,34,29,51,0.842767296
645,1,reduction by 0.2,39,34,29,52,0.842767296
646,1,reduction by 0.2,39,34,29,53,0.842767296
647,1,reduction by 0.2,39,34,29,54,0.842767296
648,1,reduction by 0.2,39,34,29,55,0.842767296
649,1,reduction by 0.2,39,34,29,56,0.842767296
650,1,reduction by 0.2,39,34,29,57,0.842767296
651,1,reduction by 0.2,39,34,29,58,0.842767296
652,1,reduction by 0.2,39,34,29,59,0.842767296
653,1,reduction by 0.2,39,34,29,60,0.842767296
654,1,reduction by 0.2,39,34,29,61,0.842767296
655,1,reduction by 0.2,39,34,29,62,0.842767296
656,1,reduction by 0.2,39,34,29,63,0.842767296
657,1,reduction by 0.2,39,34,29,64,0.842767296
658,1,reduction by 0.2,39,34,29,65,0.842767296
659,1,reduction by 0.2,39,34,29,66,0.842767296
660,1,reduction by 0.2,39,34,29,67,0.842767296
661,1,reduction by 0.2,39,34,29,68,0.842767296
662,1,reduction by 0.2,39,34,29,69,0.842767296
663,1,reduction by 0.2,39,34,29,70,0.842767296
664,1,reduction by 0.2,39,34,29,71,0.842767296
665,1,reduction by 0.2,39,34,29,72,0.842767296
666,1,reduction by 0.2,39,34,29,73,0.842767296
667,1,reduction by 0.2,39,34,29,74,0.842767296
668,1,reduction by 0.2,39,34,29,75,0.842767296
669,1,reduction by 0.2,39,34,29,76,0.842767296
670,1,reduction by 0.2,39,34,29,77,0.842767296
671,1,reduction by 0.2,39,34,29,78,0.842767296
672,1,reduction by 0.2,39,34,29,79,0.842767296
673,1,reduction by 0.2,39,34,29,80,0.842767296
674,1,reduction by 0.2,39,34,29,81,0.842767296
675,1,reduction by 0.2,39,34,29,82,0.842767296
676,1,reduction by 0.2,39,34,29,83,0.842767296
677,1,reduction by 0.2,39,34,29,84,0.842767296
678,1,reduction by 0.2,39,34,29,85,0.842767296
679,1,reduction by 0.2,39,34,29,86,0.842767296
680,1,reduction by 0.2,39,34,29,87,0.842767296
681,1,reduction by 0.2,39,34,29,88,0.842767296
682,1,reduction by 0.2,39,34,29,89,0.842767296
683,1,reduction by 0.2,39,34,29,90,0.842767296
684,1,reduction by 0.2,39,34,29,91,0.842767296
685,1,reduction by 0.2,39,34,29,92,0.842767296
686,1,reduction by 0.2,39,34,29,93,0.842767296
687,1,reduction by 0.2,39,34,29,94,0.842767296
688,1,reduction by 0.2,39,34,29,95,0.842767296
689,1,reduction by 0.2,39,34,29,96,0.842767296
690,1,reduction by 0.2,39,34,29,97,0.842767296
691,1,reduction by 0.2,39,34,29,98,0.842767296
692,1,reduction by 0.2,39,34,29,99,0.842767296
693,1,reduction by 0.2,39,34,29,100,0.842767296
694,1,reduction by 0.2,39,34,29,101,0.842767296
695,1,reduction by 0.2,39,34,29,102,0.842767296
696,1,reduction by 0.2,39,34,29,103,0.842767296
697,1,reduction by 0.2,39,34,29,104,0.842767296
698,1,reduction by 0.2,39,34,29,105,0.842767296
699,1,reduction by 0.2,39,34,29,106,0.842767296
700,1,reduction by 0.2,39,34,29,107,0.842767296
701,1,reduction by 0.2,39,34,29,108,0.842767296
702,1,reduction by 0.2,39,34,29,109,0.842767296
703,1,reduction by 0.2,39,34,29,110,0.842767296
704,1,reduction by 0.2,39,34,29,111,0.842767296
705,1,reduction by 0.2,39,34,29,112,0.842767296
706,1,reduction by 0.2,39,34,29,113,0.842767296
707,1,reduction by 0.2,39,34,29,114,0.842767296
708,1,reduction by 0.2,39,34,29,115,0.842767296
709,1,reduction by 0.2,39,34,29,116,0.842767296
710,1,reduction by 0.2,39,34,29,117,0.842767296
711,1,reduction by 0.2,39,34,29,118,0.842767296
712,1,reduction by 0.2,39,34,29,119,0.842767296
713,1,reduction by 0.2,39,34,29,120,0.842767296
714,1,reduction by 0.2,39,34,29,121,0.842767296
715,1,reduction by 0.2,39,34,29,122,0.842767296
716,1,reduction by 0.2,39,34,29,123,0.842767296
717,1,reduction by 0.2,39,34,29,124,0.842767296
718,1,reduction by 0.2,39,34,29,125,0.842767296
719,1,reduction by 0.2,39,34,29,126,0.842767296
720,1,reduction by 0.2,39,34,29,127,0.842767296
721,1,reduction by 0.2,39,34,29,128,0.842767296
722,1,reduction by 0.2,39,34,29,129,0.842767296
723,1,reduction by 0.2,39,34,29,130,0.842767296
724,1,reduction by 0.2,39,34,29,131,0.842767296
725,1,reduction by 0.2,39,34,29,132,0.842767296
726,1,reduction by 0.2,39,34,29,133,0.842767296
727,1,reduction by 0.2,39,34,29,134,0.842767296
728,1,reduction by 0.2,39,34,30,44,0.848254932
729,1,reduction by 0.2,39,34,30,45,0.848254932
730,1,reduction by 0.2,39,34,30,46,0.848254932
731,1,reduction by 0.2,39,34,30,47,0.848254932
732,1,reduction by 0.2,39,34,30,48,0.848254932
733,1,reduction by 0.2,39,34,30,49,0.848254932
734,1,reduction by 0.2,39,34,30,50,0.848254932
735,1,reduction by 0.2,39,34,30,51,0.848254932
736,1,reduction by 0.2,39,34,30,52,0.848254932
737,1,reduction by 0.2,39,34,30,53,0.848254932
738,1,reduction by 0.2,39,34,30,54,0.848254932
739,1,reduction by 0.2,39,34,30,55,0.848254932
740,1,reduction by 0.2,39,34,30,56,0.848254932
741,1,reduction by 0.2,39,34,30,57,0.848254932
742,1,reduction by 0.2,39,34,30,58,0.848254932
743,1,reduction by 0.2,39,34,30,59,0.848254932
744,1,reduction by 0.2,39,34,30,60,0.848254932
745,1,reduction by 0.2,39,34,30,61,0.848254932
746,1,reduction by 0.2,39,34,30,62,0.848254932
747,1,reduction by 0.2,39,34,30,63,0.848254932
748,1,reduction by 0.2,39,34,30,64,0.848254932
749,1,reduction by 0.2,39,34,30,65,0.848254932
750,1,reduction by 0.2,39,34,30,66,0.848254932
751,1,reduction by 0.2,39,34,30,67,0.848254932
752,1,reduction by 0.2,39,34,30,68,0.848254932
753,1,reduction by 0.2,39,34,30,69,0.848254932
754,1,reduction by 0.2,39,34,30,70,0.848254932
755,1,reduction by 0.2,39,34,30,71,0.848254932
756,1,reduction by 0.2,39,34,30,72,0.848254932
757,1,reduction by 0.2,39,34,30,73,0.848254932
758,1,reduction by 0.2,39,34,30,74,0.848254932
759,1,reduction by 0.2,39,34,30,75,0.848254932
760,1,reduction by 0.2,39,34,30,76,0.848254932
761,1,reduction by 0.2,39,34,30,77,0.848254932
762,1,reduction by 0.2,39,34,30,78,0.848254932
763,1,reduction by 0.2,39,34,30,79,0.848254932
764,1,reduction by 0.2,39,34,30,80,0.848254932
765,1,reduction by 0.2,39,34,30,81,0.848254932
766,1,reduction by 0.2,39,34,30,82,0.848254932
767,1,reduction by 0.2,39,34,30,83,0.848254932
768,1,reduction by 0.2,39,34,30,84,0.848254932
769,1,reduction by 0.2,39,34,30,85,0.848254932
770,1,reduction by 0.2,39,34,30,86,0.848254932
771,1,reduction by 0.2,39,34,30,87,0.848254932
772,1,reduction by 0.2,39,34,30,88,0.848254932
773,1,reduction by 0.2,39,34,30,89,0.848254932
774,1,reduction by 0.2,39,34,30,90,0.848254932
775,1,reduction by 0.2,39,34,30,91,0.848254932
776,1,reduction by 0.2,39,34,30,92,0.848254932
777,1,reduction by 0.2,39,34,30,93,0.848254932
778,1,reduction by 0.2,39,34,30,94,0.848254932
779,1,reduction by 0.2,39,34,30,95,0.848254932
780,1,reduction by 0.2,39,34,30,96,0.848254932
781,1,reduction by 0.2,39,34,30,97,0.848254932
782,1,reduction by 0.2,39,34,30,98,0.848254932
783,1,reduction by 0.2,39,34,30,99,0.848254932
784,1,reduction by 0.2,39,34,30,100,0.848254932
785,1,reduction by 0.2,39,34,30,101,0.848254932
786,1,reduction by 0.2,39,34,30,102,0.848254932
787,1,reduction by 0.2,39,34,30,103,0.848254932
788,1,reduction by 0.2,39,34,30,104,0.848254932
789,1,reduction by 0.2,39,34,30,105,0.848254932
790,1,reduction by 0.2,39,34,30,106,0.848254932
791,1,reduction by 0.2,39,34,30,107,0.848254932
792,1,reduction by 0.2,39,34,30,108,0.848254932
793,1,reduction by 0.2,39,34,30,109,0.848254932
794,1,reduction by 0.2,39,34,30,110,0.848254932
795,1,reduction by 0.2,39,34,30,111,0.848254932
796,1,reduction by 0.2,39,34,30,112,0.848254932
797,1,reduction by 0.2,39,34,30,113,0.848254932
798,1,reduction by 0.2,39,34,30,114,0.848254932
799,1,reduction by 0.2,39,34,30,115,0.848254932
800,1,reduction by 0.2,39,34,30,116,0.848254932
801,1,reduction by 0.2,39,34,30,117,0.848254932
802,1,reduction by 0.2,39,34,30,118,0.848254932
803,1,reduction by 0.2,39,34,30,119,0.848254932
804,1,reduction by 0.2,39,34,30,120,0.848254932
805,1,reduction by 0.2,39,34,30,121,0.848254932
806,1,reduction by 0.2,39,34,30,122,0.848254932
807,1,reduction by 0.2,39,34,30,123,0.848254932
808,1,reduction by 0.2,39,34,30,124,0.848254932
809,1,reduction by 0.2,39,34,30,125,0.848254932
810,1,reduction by 0.2,39,34,30,126,0.848254932
811,1,reduction by 0.2,39,34,30,127,0.848254932
812,1,reduction by 0.2,39,34,30,128,0.848254932
813,1,reduction by 0.2,39,34,30,129,0.848254932
814,1,reduction by 0.2,39,34,30,130,0.848254932
815,1,reduction by 0.2,39,34,30,131,0.848254932
816,1,reduction by 0.2,39,34,30,132,0.848254932
817,1,reduction by 0.2,39,34,30,133,0.848254932
818,1,reduction by 0.2,39,34,30,134,0.848254932
819,1,reduction by 0.2,39,35,31,44,0.733050847
820,1,reduction by 0.2,39,35,31,45,0.733050847
821,1,reduction by 0.2,39,35,31,46,0.733050847
822,1,reduction by 0.2,39,35,31,47,0.733050847
823,1,reduction by 0.2,39,35,31,48,0.733050847
824,1,reduction by 0.2,39,35,31,49,0.733050847
825,1,reduction by 0.2,39,35,31,50,0.733050847
826,1,reduction by 0.2,39,35,31,51,0.733050847
827,1,reduction by 0.2,39,35,31,52,0.733050847
828,1,reduction by 0.2,39,35,31,53,0.733050847
829,1,reduction by 0.2,39,35,31,54,0.733050847
830,1,reduction by 0.2,39,35,31,55,0.733050847
831,1,reduction by 0.2,39,35,31,56,0.733050847
832,1,reduction by 0.2,39,35,31,57,0.733050847
833,1,reduction by 0.2,39,35,31,58,0.733050847
834,1,reduction by 0.2,39,35,31,59,0.733050847
835,1,reduction by 0.2,39,35,31,60,0.733050847
836,1,reduction by 0.2,39,35,31,61,0.733050847
837,1,reduction by 0.2,39,35,31,62,0.733050847
838,1,reduction by 0.2,39,35,31,63,0.733050847
839,1,reduction by 0.2,39,35,31,64,0.733050847
840,1,reduction by 0.2,39,35,31,65,0.733050847
841,1,reduction by 0.2,39,35,31,66,0.733050847
842,1,reduction by 0.2,39,35,31,67,0.733050847
843,1,reduction by 0.2,39,35,31,68,0.733050847
844,1,reduction by 0.2,39,35,31,69,0.733050847
845,1,reduction by 0.2,39,35,31,70,0.733050847
846,1,reduction by 0.2,39,35,31,71,0.733050847
847,1,reduction by 0.2,39,35,31,72,0.733050847
848,1,reduction by 0.2,39,35,31,73,0.733050847
849,1,reduction by 0.2,39,35,31,74,0.733050847
850,1,reduction by 0.2,39,35,31,75,0.733050847
851,1,reduction by 0.2,39,35,31,76,0.733050847
852,1,reduction by 0.2,39,35,31,77,0.733050847
853,1,reduction by 0.2,39,35,31,78,0.733050847
854,1,reduction by 0.2,39,35,31,79,0.733050847
855,1,reduction by 0.2,39,35,31,80,0.733050847
856,1,reduction by 0.2,39,35,31,81,0.733050847
857,1,reduction by 0.2,39,35,31,82,0.733050847
858,1,reduction by 0.2,39,35,31,83,0.733050847
859,1,reduction by 0.2,39,35,31,84,0.733050847
860,1,reduction by 0.2,39,35,31,85,0.733050847
861,1,reduction by 0.2,39,35,31,86,0.733050847
862,1,reduction by 0.2,39,35,31,87,0.733050847
863,1,reduction by 0.2,39,35,31,88,0.733050847
864,1,reduction by 0.2,39,35,31,89,0.733050847
865,1,reduction by 0.2,39,35,31,90,0.733050847
866,1,reduction by 0.2,39,35,31,91,0.733050847
867,1,reduction by 0.2,39,35,31,92,0.733050847
868,1,reduction by 0.2,39,35,31,93,0.733050847
869,1,reduction by 0.2,39,35,31,94,0.733050847
870,1,reduction by 0.2,39,35,31,95,0.733050847
871,1,reduction by 0.2,39,35,31,96,0.733050847
872,1,reduction by 0.2,39,35,31,97,0.733050847
873,1,reduction by 0.2,39,35,31,98,0.733050847
874,1,reduction by 0.2,39,35,31,99,0.733050847
875,1,reduction by 0.2,39,35,31,100,0.733050847
876,1,reduction by 0.2,39,35,31,101,0.733050847
877,1,reduction by 0.2,39,35,31,102,0.733050847
878,1,reduction by 0.2,39,35,31,103,0.733050847
879,1,reduction by 0.2,39,35,31,104,0.733050847
880,1,reduction by 0.2,39,35,31,105,0.733050847
881,1,reduction by 0.2,39,35,31,106,0.733050847
882,1,reduction by 0.2,39,35,31,107,0.733050847
883,1,reduction by 0.2,39,35,31,108,0.733050847
884,1,reduction by 0.2,39,35,31,109,0.733050847
885,1,reduction by 0.2,39,35,31,110,0.733050847
886,1,reduction by 0.2,39,35,31,111,0.733050847
887,1,reduction by 0.2,39,35,31,112,0.733050847
888,1,reduction by 0.2,39,35,31,113,0.733050847
889,1,reduction by 0.2,39,35,31,114,0.733050847
890,1,reduction by 0.2,39,35,31,115,0.733050847
891,1,reduction by 0.2,39,35,31,116,0.733050847
892,1,reduction by 0.2,39,35,31,117,0.733050847
893,1,reduction by 0.2,39,35,31,118,0.733050847
894,1,reduction by 0.2,39,35,31,119,0.733050847
895,1,reduction by 0.2,39,35,31,120,0.733050847
896,1,reduction by 0.2,39,35,31,121,0.733050847
897,1,reduction by 0.2,39,35,31,122,0.733050847
898,1,reduction by 0.2,39,35,31,123,0.733050847
899,1,reduction by 0.2,39,35,31,124,0.733050847
900,1,reduction by 0.2,39,35,31,125,0.733050847
901,1,reduction by 0.2,39,35,31,126,0.733050847
902,1,reduction by 0.2,39,35,31,127,0.733050847
903,1,reduction by 0.2,39,35,31,128,0.733050847
904,1,reduction by 0.2,39,35,31,129,0.733050847
905,1,reduction by 0.2,39,35,31,130,0.733050847
906,1,reduction by 0.2,39,35,31,131,0.733050847
907,1,reduction by 0.2,39,35,31,132,0.733050847
908,1,reduction by 0.2,39,35,31,133,0.733050847
909,1,reduction by 0.2,39,35,31,134,0.733050847
910,1,reduction by 0.2,39,35,29,44,0.771203156
911,1,reduction by 0.2,39,35,29,45,0.771203156
912,1,reduction by 0.2,39,35,29,46,0.771203156
913,1,reduction by 0.2,39,35,29,47,0.771203156
914,1,reduction by 0.2,39,35,29,48,0.771203156
915,1,reduction by 0.2,39,35,29,49,0.771203156
916,1,reduction by 0.2,39,35,29,50,0.771203156
917,1,reduction by 0.2,39,35,29,51,0.771203156
918,1,reduction by 0.2,39,35,29,52,0.771203156
919,1,reduction by 0.2,39,35,29,53,0.771203156
920,1,reduction by 0.2,39,35,29,54,0.771203156
921,1,reduction by 0.2,39,35,29,55,0.771203156
922,1,reduction by 0.2,39,35,29,56,0.771203156
923,1,reduction by 0.2,39,35,29,57,0.771203156
924,1,reduction by 0.2,39,35,29,58,0.771203156
925,1,reduction by 0.2,39,35,29,59,0.771203156
926,1,reduction by 0.2,39,35,29,60,0.771203156
927,1,reduction by 0.2,39,35,29,61,0.771203156
928,1,reduction by 0.2,39,35,29,62,0.771203156
929,1,reduction by 0.2,39,35,29,63,0.771203156
930,1,reduction by 0.2,39,35,29,64,0.771203156
931,1,reduction by 0.2,39,35,29,65,0.771203156
932,1,reduction by 0.2,39,35,29,66,0.771203156
933,1,reduction by 0.2,39,35,29,67,0.771203156
934,1,reduction by 0.2,39,35,29,68,0.771203156
935,1,reduction by 0.2,39,35,29,69,0.771203156
936,1,reduction by 0.2,39,35,29,70,0.771203156
937,1,reduction by 0.2,39,35,29,71,0.771203156
938,1,reduction by 0.2,39,35,29,72,0.771203156
939,1,reduction by 0.2,39,35,29,73,0.771203156
940,1,reduction by 0.2,39,35,29,74,0.771203156
941,1,reduction by 0.2,39,35,29,75,0.771203156
942,1,reduction by 0.2,39,35,29,76,0.771203156
943,1,reduction by 0.2,39,35,29,77,0.771203156
944,1,reduction by 0.2,39,35,29,78,0.771203156
945,1,reduction by 0.2,39,35,29,79,0.771203156
946,1,reduction by 0.2,39,35,29,80,0.771203156
947,1,reduction by 0.2,39,35,29,81,0.771203156
948,1,reduction by 0.2,39,35,29,82,0.771203156
949,1,reduction by 0.2,39,35,29,83,0.771203156
950,1,reduction by 0.2,39,35,29,84,0.771203156
951,1,reduction by 0.2,39,35,29,85,0.771203156
952,1,reduction by 0.2,39,35,29,86,0.771203156
953,1,reduction by 0.2,39,35,29,87,0.771203156
954,1,reduction by 0.2,39,35,29,88,0.771203156
955,1,reduction by 0.2,39,35,29,89,0.771203156
956,1,reduction by 0.2,39,35,29,90,0.771203156
957,1,reduction by 0.2,39,35,29,91,0.771203156
958,1,reduction by 0.2,39,35,29,92,0.771203156
959,1,reduction by 0.2,39,35,29,93,0.771203156
960,1,reduction by 0.2,39,35,29,94,0.771203156
961,1,reduction by 0.2,39,35,29,95,0.771203156
962,1,reduction by 0.2,39,35,29,96,0.771203156
963,1,reduction by 0.2,39,35,29,97,0.771203156
964,1,reduction by 0.2,39,35,29,98,0.771203156
965,1,reduction by 0.2,39,35,29,99,0.771203156
966,1,reduction by 0.2,39,35,29,100,0.771203156
967,1,reduction by 0.2,39,35,29,101,0.771203156
968,1,reduction by 0.2,39,35,29,102,0.771203156
969,1,reduction by 0.2,39,35,29,103,0.771203156
970,1,reduction by 0.2,39,35,29,104,0.771203156
971,1,reduction by 0.2,39,35,29,105,0.771203156
972,1,reduction by 0.2,39,35,29,106,0.771203156
973,1,reduction by 0.2,39,35,29,107,0.771203156
974,1,reduction by 0.2,39,35,29,108,0.771203156
975,1,reduction by 0.2,39,35,29,109,0.771203156
976,1,reduction by 0.2,39,35,29,110,0.771203156
977,1,reduction by 0.2,39,35,29,111,0.771203156
978,1,reduction by 0.2,39,35,29,112,0.771203156
979,1,reduction by 0.2,39,35,29,113,0.771203156
980,1,reduction by 0.2,39,35,29,114,0.771203156
981,1,reduction by 0.2,39,35,29,115,0.771203156
982,1,reduction by 0.2,39,35,29,116,0.771203156
983,1,reduction by 0.2,39,35,29,117,0.771203156
984,1,reduction by 0.2,39,35,29,118,0.771203156
985,1,reduction by 0.2,39,35,29,119,0.771203156
986,1,reduction by 0.2,39,35,29,120,0.771203156
987,1,reduction by 0.2,39,35,29,121,0.771203156
988,1,reduction by 0.2,39,35,29,122,0.771203156
989,1,reduction by 0.2,39,35,29,123,0.771203156
990,1,reduction by 0.2,39,35,29,124,0.771203156
991,1,reduction by 0.2,39,35,29,125,0.771203156
992,1,reduction by 0.2,39,35,29,126,0.771203156
993,1,reduction by 0.2,39,35,29,127,0.771203156
994,1,reduction by 0.2,39,35,29,128,0.771203156
995,1,reduction by 0.2,39,35,29,129,0.771203156
996,1,reduction by 0.2,39,35,29,130,0.771203156
997,1,reduction by 0.2,39,35,29,131,0.771203156
998,1,reduction by 0.2,39,35,29,132,0.771203156
999,1,reduction by 0.2,39,35,29,133,0.771203156
1000,1,reduction by 0.2,39,35,29,134,0.771203156
1001,1,reduction by 0.2,39,35,30,44,0.806174957
1002,1,reduction by 0.2,39,35,30,45,0.806174957
1003,1,reduction by 0.2,39,35,30,46,0.806174957
1004,1,reduction by 0.2,39,35,30,47,0.806174957
1005,1,reduction by 0.2,39,35,30,48,0.806174957
1006,1,reduction by 0.2,39,35,30,49,0.806174957
1007,1,reduction by 0.2,39,35,30,50,0.806174957
1008,1,reduction by 0.2,39,35,30,51,0.806174957
1009,1,reduction by 0.2,39,35,30,52,0.806174957
1010,1,reduction by 0.2,39,35,30,53,0.806174957
1011,1,reduction by 0.2,39,35,30,54,0.806174957
1012,1,reduction by 0.2,39,35,30,55,0.806174957
1013,1,reduction by 0.2,39,35,30,56,0.806174957
1014,1,reduction by 0.2,39,35,30,57,0.806174957
1015,1,reduction by 0.2,39,35,30,58,0.806174957
1016,1,reduction by 0.2,39,35,30,59,0.806174957
1017,1,reduction by 0.2,39,35,30,60,0.806174957
1018,1,reduction by 0.2,39,35,30,61,0.806174957
1019,1,reduction by 0.2,39,35,30,62,0.806174957
1020,1,reduction by 0.2,39,35,30,63,0.806174957
1021,1,reduction by 0.2,39,35,30,64,0.806174957
1022,1,reduction by 0.2,39,35,30,65,0.806174957
1023,1,reduction by 0.2,39,35,30,66,0.806174957
1024,1,reduction by 0.2,39,35,30,67,0.806174957
1025,1,reduction by 0.2,39,35,30,68,0.806174957
1026,1,reduction by 0.2,39,35,30,69,0.806174957
1027,1,reduction by 0.2,39,35,30,70,0.806174957
1028,1,reduction by 0.2,39,35,30,71,0.806174957
1029,1,reduction by 0.2,39,35,30,72,0.806174957
1030,1,reduction by 0.2,39,35,30,73,0.806174957
1031,1,reduction by 0.2,39,35,30,74,0.806174957
1032,1,reduction by 0.2,39,35,30,75,0.806174957
1033,1,reduction by 0.2,39,35,30,76,0.806174957
1034,1,reduction by 0.2,39,35,30,77,0.806174957
1035,1,reduction by 0.2,39,35,30,78,0.806174957
1036,1,reduction by 0.2,39,35,30,79,0.806174957
1037,1,reduction by 0.2,39,35,30,80,0.806174957
1038,1,reduction by 0.2,39,35,30,81,0.806174957
1039,1,reduction by 0.2,39,35,30,82,0.806174957
1040,1,reduction by 0.2,39,35,30,83,0.806174957
1041,1,reduction by 0.2,39,35,30,84,0.806174957
1042,1,reduction by 0.2,39,35,30,85,0.806174957
1043,1,reduction by 0.2,39,35,30,86,0.806174957
1044,1,reduction by 0.2,39,35,30,87,0.806174957
1045,1,reduction by 0.2,39,35,30,88,0.806174957
1046,1,reduction by 0.2,39,35,30,89,0.806174957
1047,1,reduction by 0.2,39,35,30,90,0.806174957
1048,1,reduction by 0.2,39,35,30,91,0.806174957
1049,1,reduction by 0.2,39,35,30,92,0.806174957
1050,1,reduction by 0.2,39,35,30,93,0.806174957
1051,1,reduction by 0.2,39,35,30,94,0.806174957
1052,1,reduction by 0.2,39,35,30,95,0.806174957
1053,1,reduction by 0.2,39,35,30,96,0.806174957
1054,1,reduction by 0.2,39,35,30,97,0.806174957
1055,1,reduction by 0.2,39,35,30,98,0.806174957
1056,1,reduction by 0.2,39,35,30,99,0.806174957
1057,1,reduction by 0.2,39,35,30,100,0.806174957
1058,1,reduction by 0.2,39,35,30,101,0.806174957
1059,1,reduction by 0.2,39,35,30,102,0.806174957
1060,1,reduction by 0.2,39,35,30,103,0.806174957
1061,1,reduction by 0.2,39,35,30,104,0.806174957
1062,1,reduction by 0.2,39,35,30,105,0.806174957
1063,1,reduction by 0.2,39,35,30,106,0.806174957
1064,1,reduction by 0.2,39,35,30,107,0.806174957
1065,1,reduction by 0.2,39,35,30,108,0.806174957
1066,1,reduction by 0.2,39,35,30,109,0.806174957
1067,1,reduction by 0.2,39,35,30,110,0.806174957
1068,1,reduction by 0.2,39,35,30,111,0.806174957
1069,1,reduction by 0.2,39,35,30,112,0.806174957
1070,1,reduction by 0.2,39,35,30,113,0.806174957
1071,1,reduction by 0.2,39,35,30,114,0.806174957
1072,1,reduction by 0.2,39,35,30,115,0.806174957
1073,1,reduction by 0.2,39,35,30,116,0.806174957
1074,1,reduction by 0.2,39,35,30,117,0.806174957
1075,1,reduction by 0.2,39,35,30,118,0.806174957
1076,1,reduction by 0.2,39,35,30,119,0.806174957
1077,1,reduction by 0.2,39,35,30,120,0.806174957
1078,1,reduction by 0.2,39,35,30,121,0.806174957
1079,1,reduction by 0.2,39,35,30,122,0.806174957
1080,1,reduction by 0.2,39,35,30,123,0.806174957
1081,1,reduction by 0.2,39,35,30,124,0.806174957
1082,1,reduction by 0.2,39,35,30,125,0.806174957
1083,1,reduction by 0.2,39,35,30,126,0.806174957
1084,1,reduction by 0.2,39,35,30,127,0.806174957
1085,1,reduction by 0.2,39,35,30,128,0.806174957
1086,1,reduction by 0.2,39,35,30,129,0.806174957
1087,1,reduction by 0.2,39,35,30,130,0.806174957
1088,1,reduction by 0.2,39,35,30,131,0.806174957
1089,1,reduction by 0.2,39,35,30,132,0.806174957
1090,1,reduction by 0.2,39,35,30,133,0.806174957
1091,1,reduction by 0.2,39,35,30,134,0.806174957
1092,2,reduction by 0.5,39,34,31,44,0.527102804
1093,2,reduction by 0.5,39,34,31,45,0.527102804
1094,2,reduction by 0.5,39,34,31,46,0.527102804
1095,2,reduction by 0.5,39,34,31,47,0.527102804
1096,2,reduction by 0.5,39,34,31,48,0.527102804
1097,2,reduction by 0.5,39,34,31,49,0.527102804
1098,2,reduction by 0.5,39,34,31,50,0.527102804
1099,2,reduction by 0.5,39,34,31,51,0.527102804
1100,2,reduction by 0.5,39,34,31,52,0.527102804
1101,2,reduction by 0.5,39,34,31,53,0.527102804
1102,2,reduction by 0.5,39,34,31,54,0.527102804
1103,2,reduction by 0.5,39,34,31,55,0.527102804
1104,2,reduction by 0.5,39,34,31,56,0.527102804
1105,2,reduction by 0.5,39,34,31,57,0.527102804
1106,2,reduction by 0.5,39,34,31,58,0.527102804
1107,2,reduction by 0.5,39,34,31,59,0.527102804
1108,2,reduction by 0.5,39,34,31,60,0.527102804
1109,2,reduction by 0.5,39,34,31,61,0.527102804
1110,2,reduction by 0.5,39,34,31,62,0.527102804
1111,2,reduction by 0.5,39,34,31,63,0.527102804
1112,2,reduction by 0.5,39,34,31,64,0.527102804
1113,2,reduction by 0.5,39,34,31,65,0.527102804
1114,2,reduction by 0.5,39,34,31,66,0.527102804
1115,2,reduction by 0.5,39,34,31,67,0.527102804
1116,2,reduction by 0.5,39,34,31,68,0.527102804
1117,2,reduction by 0.5,39,34,31,69,0.527102804
1118,2,reduction by 0.5,39,34,31,70,0.527102804
1119,2,reduction by 0.5,39,34,31,71,0.527102804
1120,2,reduction by 0.5,39,34,31,72,0.527102804
1121,2,reduction by 0.5,39,34,31,73,0.527102804
1122,2,reduction by 0.5,39,34,31,74,0.527102804
1123,2,reduction by 0.5,39,34,31,75,0.527102804
1124,2,reduction by 0.5,39,34,31,76,0.527102804
1125,2,reduction by 0.5,39,34,31,77,0.527102804
1126,2,reduction by 0.5,39,34,31,78,0.527102804
1127,2,reduction by 0.5,39,34,31,79,0.527102804
1128,2,reduction by 0.5,39,34,31,80,0.527102804
1129,2,reduction by 0.5,39,34,31,81,0.527102804
1130,2,reduction by 0.5,39,34,31,82,0.527102804
1131,2,reduction by 0.5,39,34,31,83,0.527102804
1132,2,reduction by 0.5,39,34,31,84,0.527102804
1133,2,reduction by 0.5,39,34,31,85,0.527102804
1134,2,reduction by 0.5,39,34,31,86,0.527102804
1135,2,reduction by 0.5,39,34,31,87,0.527102804
1136,2,reduction by 0.5,39,34,31,88,0.527102804
1137,2,reduction by 0.5,39,34,31,89,0.527102804
1138,2,reduction by 0.5,39,34,31,90,0.527102804
1139,2,reduction by 0.5,39,34,31,91,0.527102804
1140,2,reduction by 0.5,39,34,31,92,0.527102804
1141,2,reduction by 0.5,39,34,31,93,0.527102804
1142,2,reduction by 0.5,39,34,31,94,0.527102804
1143,2,reduction by 0.5,39,34,31,95,0.527102804
1144,2,reduction by 0.5,39,34,31,96,0.527102804
1145,2,reduction by 0.5,39,34,31,97,0.527102804
1146,2,reduction by 0.5,39,34,31,98,0.527102804
1147,2,reduction by 0.5,39,34,31,99,0.527102804
1148,2,reduction by 0.5,39,34,31,100,0.527102804
1149,2,reduction by 0.5,39,34,31,101,0.527102804
1150,2,reduction by 0.5,39,34,31,102,0.527102804
1151,2,reduction by 0.5,39,34,31,103,0.527102804
1152,2,reduction by 0.5,39,34,31,104,0.527102804
1153,2,reduction by 0.5,39,34,31,105,0.527102804
1154,2,reduction by 0.5,39,34,31,106,0.527102804
1155,2,reduction by 0.5,39,34,31,107,0.527102804
1156,2,reduction by 0.5,39,34,31,108,0.527102804
1157,2,reduction by 0.5,39,34,31,109,0.527102804
1158,2,reduction by 0.5,39,34,31,110,0.527102804
1159,2,reduction by 0.5,39,34,31,111,0.527102804
1160,2,reduction by 0.5,39,34,31,112,0.527102804
1161,2,reduction by 0.5,39,34,31,113,0.527102804
1162,2,reduction by 0.5,39,34,31,114,0.527102804
1163,2,reduction by 0.5,39,34,31,115,0.527102804
1164,2,reduction by 0.5,39,34,31,116,0.527102804
1165,2,reduction by 0.5,39,34,31,117,0.527102804
1166,2,reduction by 0.5,39,34,31,118,0.527102804
1167,2,reduction by 0.5,39,34,31,119,0.527102804
1168,2,reduction by 0.5,39,34,31,120,0.527102804
1169,2,reduction by 0.5,39,34,31,121,0.527102804
1170,2,reduction by 0.5,39,34,31,122,0.527102804
1171,2,reduction by 0.5,39,34,31,123,0.527102804
1172,2,reduction by 0.5,39,34,31,124,0.527102804
1173,2,reduction by 0.5,39,34,31,125,0.527102804
1174,2,reduction by 0.5,39,34,31,126,0.527102804
1175,2,reduction by 0.5,39,34,31,127,0.527102804
1176,2,reduction by 0.5,39,34,31,128,0.527102804
1177,2,reduction by 0.5,39,34,31,129,0.527102804
1178,2,reduction by 0.5,39,34,31,130,0.527102804
1179,2,reduction by 0.5,39,34,31,131,0.527102804
1180,2,reduction by 0.5,39,34,31,132,0.527102804
1181,2,reduction by 0.5,39,34,31,133,0.527102804
1182,2,reduction by 0.5,39,34,31,134,0.527102804
1183,2,reduction by 0.5,39,34,29,44,0.569029851
1184,2,reduction by 0.5,39,34,29,45,0.569029851
1185,2,reduction by 0.5,39,34,29,46,0.569029851
1186,2,reduction by 0.5,39,34,29,47,0.569029851
1187,2,reduction by 0.5,39,34,29,48,0.569029851
1188,2,reduction by 0.5,39,34,29,49,0.569029851
1189,2,reduction by 0.5,39,34,29,50,0.569029851
1190,2,reduction by 0.5,39,34,29,51,0.569029851
1191,2,reduction by 0.5,39,34,29,52,0.569029851
1192,2,reduction by 0.5,39,34,29,53,0.569029851
1193,2,reduction by 0.5,39,34,29,54,0.569029851
1194,2,reduction by 0.5,39,34,29,55,0.569029851
1195,2,reduction by 0.5,39,34,29,56,0.569029851
1196,2,reduction by 0.5,39,34,29,57,0.569029851
1197,2,reduction by 0.5,39,34,29,58,0.569029851
1198,2,reduction by 0.5,39,34,29,59,0.569029851
1199,2,reduction by 0.5,39,34,29,60,0.569029851
1200,2,reduction by 0.5,39,34,29,61,0.569029851
1201,2,reduction by 0.5,39,34,29,62,0.569029851
1202,2,reduction by 0.5,39,34,29,63,0.569029851
1203,2,reduction by 0.5,39,34,29,64,0.569029851
1204,2,reduction by 0.5,39,34,29,65,0.569029851
1205,2,reduction by 0.5,39,34,29,66,0.569029851
1206,2,reduction by 0.5,39,34,29,67,0.569029851
1207,2,reduction by 0.5,39,34,29,68,0.569029851
1208,2,reduction by 0.5,39,34,29,69,0.569029851
1209,2,reduction by 0.5,39,34,29,70,0.569029851
1210,2,reduction by 0.5,39,34,29,71,0.569029851
1211,2,reduction by 0.5,39,34,29,72,0.569029851
1212,2,reduction by 0.5,39,34,29,73,0.569029851
1213,2,reduction by 0.5,39,34,29,74,0.569029851
1214,2,reduction by 0.5,39,34,29,75,0.569029851
1215,2,reduction by 0.5,39,34,29,76,0.569029851
1216,2,reduction by 0.5,39,34,29,77,0.569029851
1217,2,reduction by 0.5,39,34,29,78,0.569029851
1218,2,reduction by 0.5,39,34,29,79,0.569029851
1219,2,reduction by 0.5,39,34,29,80,0.569029851
1220,2,reduction by 0.5,39,34,29,81,0.569029851
1221,2,reduction by 0.5,39,34,29,82,0.569029851
1222,2,reduction by 0.5,39,34,29,83,0.569029851
1223,2,reduction by 0.5,39,34,29,84,0.569029851
1224,2,reduction by 0.5,39,34,29,85,0.569029851
1225,2,reduction by 0.5,39,34,29,86,0.569029851
1226,2,reduction by 0.5,39,34,29,87,0.569029851
1227,2,reduction by 0.5,39,34,29,88,0.569029851
1228,2,reduction by 0.5,39,34,29,89,0.569029851
1229,2,reduction by 0.5,39,34,29,90,0.569029851
1230,2,reduction by 0.5,39,34,29,91,0.569029851
1231,2,reduction by 0.5,39,34,29,92,0.569029851
1232,2,reduction by 0.5,39,34,29,93,0.569029851
1233,2,reduction by 0.5,39,34,29,94,0.569029851
1234,2,reduction by 0.5,39,34,29,95,0.569029851
1235,2,reduction by 0.5,39,34,29,96,0.569029851
1236,2,reduction by 0.5,39,34,29,97,0.569029851
1237,2,reduction by 0.5,39,34,29,98,0.569029851
1238,2,reduction by 0.5,39,34,29,99,0.569029851
1239,2,reduction by 0.5,39,34,29,100,0.569029851
1240,2,reduction by 0.5,39,34,29,101,0.569029851
1241,2,reduction by 0.5,39,34,29,102,0.569029851
1242,2,reduction by 0.5,39,34,29,103,0.569029851
1243,2,reduction by 0.5,39,34,29,104,0.569029851
1244,2,reduction by 0.5,39,34,29,105,0.569029851
1245,2,reduction by 0.5,39,34,29,106,0.569029851
1246,2,reduction by 0.5,39,34,29,107,0.569029851
1247,2,reduction by 0.5,39,34,29,108,0.569029851
1248,2,reduction by 0.5,39,34,29,109,0.569029851
1249,2,reduction by 0.5,39,34,29,110,0.569029851
1250,2,reduction by 0.5,39,34,29,111,0.569029851
1251,2,reduction by 0.5,39,34,29,112,0.569029851
1252,2,reduction by 0.5,39,34,29,113,0.569029851
1253,2,reduction by 0.5,39,34,29,114,0.569029851
1254,2,reduction by 0.5,39,34,29,115,0.569029851
1255,2,reduction by 0.5,39,34,29,116,0.569029851
1256,2,reduction by 0.5,39,34,29,117,0.569029851
1257,2,reduction by 0.5,39,34,29,118,0.569029851
1258,2,reduction by 0.5,39,34,29,119,0.569029851
1259,2,reduction by 0.5,39,34,29,120,0.569029851
1260,2,reduction by 0.5,39,34,29,121,0.569029851
1261,2,reduction by 0.5,39,34,29,122,0.569029851
1262,2,reduction by 0.5,39,34,29,123,0.569029851
1263,2,reduction by 0.5,39,34,29,124,0.569029851
1264,2,reduction by 0.5,39,34,29,125,0.569029851
1265,2,reduction by 0.5,39,34,29,126,0.569029851
1266,2,reduction by 0.5,39,34,29,127,0.569029851
1267,2,reduction by 0.5,39,34,29,128,0.569029851
1268,2,reduction by 0.5,39,34,29,129,0.569029851
1269,2,reduction by 0.5,39,34,29,130,0.569029851
1270,2,reduction by 0.5,39,34,29,131,0.569029851
1271,2,reduction by 0.5,39,34,29,132,0.569029851
1272,2,reduction by 0.5,39,34,29,133,0.569029851
1273,2,reduction by 0.5,39,34,29,134,0.569029851
1274,2,reduction by 0.5,39,34,30,44,0.561717352
1275,2,reduction by 0.5,39,34,30,45,0.561717352
1276,2,reduction by 0.5,39,34,30,46,0.561717352
1277,2,reduction by 0.5,39,34,30,47,0.561717352
1278,2,reduction by 0.5,39,34,30,48,0.561717352
1279,2,reduction by 0.5,39,34,30,49,0.561717352
1280,2,reduction by 0.5,39,34,30,50,0.561717352
1281,2,reduction by 0.5,39,34,30,51,0.561717352
1282,2,reduction by 0.5,39,34,30,52,0.561717352
1283,2,reduction by 0.5,39,34,30,53,0.561717352
1284,2,reduction by 0.5,39,34,30,54,0.561717352
1285,2,reduction by 0.5,39,34,30,55,0.561717352
1286,2,reduction by 0.5,39,34,30,56,0.561717352
1287,2,reduction by 0.5,39,34,30,57,0.561717352
1288,2,reduction by 0.5,39,34,30,58,0.561717352
1289,2,reduction by 0.5,39,34,30,59,0.561717352
1290,2,reduction by 0.5,39,34,30,60,0.561717352
1291,2,reduction by 0.5,39,34,30,61,0.561717352
1292,2,reduction by 0.5,39,34,30,62,0.561717352
1293,2,reduction by 0.5,39,34,30,63,0.561717352
1294,2,reduction by 0.5,39,34,30,64,0.561717352
1295,2,reduction by 0.5,39,34,30,65,0.561717352
1296,2,reduction by 0.5,39,34,30,66,0.561717352
1297,2,reduction by 0.5,39,34,30,67,0.561717352
1298,2,reduction by 0.5,39,34,30,68,0.561717352
1299,2,reduction by 0.5,39,34,30,69,0.561717352
1300,2,reduction by 0.5,39,34,30,70,0.561717352
1301,2,reduction by 0.5,39,34,30,71,0.561717352
1302,2,reduction by 0.5,39,34,30,72,0.561717352
1303,2,reduction by 0.5,39,34,30,73,0.561717352
1304,2,reduction by 0.5,39,34,30,74,0.561717352
1305,2,reduction by 0.5,39,34,30,75,0.561717352
1306,2,reduction by 0.5,39,34,30,76,0.561717352
1307,2,reduction by 0.5,39,34,30,77,0.561717352
1308,2,reduction by 0.5,39,34,30,78,0.561717352
1309,2,reduction by 0.5,39,34,30,79,0.561717352
1310,2,reduction by 0.5,39,34,30,80,0.561717352
1311,2,reduction by 0.5,39,34,30,81,0.561717352
1312,2,reduction by 0.5,39,34,30,82,0.561717352
1313,2,reduction by 0.5,39,34,30,83,0.561717352
1314,2,reduction by 0.5,39,34,30,84,0.561717352
1315,2,reduction by 0.5,39,34,30,85,0.561717352
1316,2,reduction by 0.5,39,34,30,86,0.561717352
1317,2,reduction by 0.5,39,34,30,87,0.561717352
1318,2,reduction by 0.5,39,34,30,88,0.561717352
1319,2,reduction by 0.5,39,34,30,89,0.561717352
1320,2,reduction by 0.5,39,34,30,90,0.561717352
1321,2,reduction by 0.5,39,34,30,91,0.561717352
1322,2,reduction by 0.5,39,34,30,92,0.561717352
1323,2,reduction by 0.5,39,34,30,93,0.561717352
1324,2,reduction by 0.5,39,34,30,94,0.561717352
1325,2,reduction by 0.5,39,34,30,95,0.561717352
1326,2,reduction by 0.5,39,34,30,96,0.561717352
1327,2,reduction by 0.5,39,34,30,97,0.561717352
1328,2,reduction by 0.5,39,34,30,98,0.561717352
1329,2,reduction by 0.5,39,34,30,99,0.561717352
1330,2,reduction by 0.5,39,34,30,100,0.561717352
1331,2,reduction by 0.5,39,34,30,101,0.561717352
1332,2,reduction by 0.5,39,34,30,102,0.561717352
1333,2,reduction by 0.5,39,34,30,103,0.561717352
1334,2,reduction by 0.5,39,34,30,104,0.561717352
1335,2,reduction by 0.5,39,34,30,105,0.561717352
1336,2,reduction by 0.5,39,34,30,106,0.561717352
1337,2,reduction by 0.5,39,34,30,107,0.561717352
1338,2,reduction by 0.5,39,34,30,108,0.561717352
1339,2,reduction by 0.5,39,34,30,109,0.561717352
1340,2,reduction by 0.5,39,34,30,110,0.561717352
1341,2,reduction by 0.5,39,34,30,111,0.561717352
1342,2,reduction by 0.5,39,34,30,112,0.561717352
1343,2,reduction by 0.5,39,34,30,113,0.561717352
1344,2,reduction by 0.5,39,34,30,114,0.561717352
1345,2,reduction by 0.5,39,34,30,115,0.561717352
1346,2,reduction by 0.5,39,34,30,116,0.561717352
1347,2,reduction by 0.5,39,34,30,117,0.561717352
1348,2,reduction by 0.5,39,34,30,118,0.561717352
1349,2,reduction by 0.5,39,34,30,119,0.561717352
1350,2,reduction by 0.5,39,34,30,120,0.561717352
1351,2,reduction by 0.5,39,34,30,121,0.561717352
1352,2,reduction by 0.5,39,34,30,122,0.561717352
1353,2,reduction by 0.5,39,34,30,123,0.561717352
1354,2,reduction by 0.5,39,34,30,124,0.561717352
1355,2,reduction by 0.5,39,34,30,125,0.561717352
1356,2,reduction by 0.5,39,34,30,126,0.561717352
1357,2,reduction by 0.5,39,34,30,127,0.561717352
1358,2,reduction by 0.5,39,34,30,128,0.561717352
1359,2,reduction by 0.5,39,34,30,129,0.561717352
1360,2,reduction by 0.5,39,34,30,130,0.561717352
1361,2,reduction by 0.5,39,34,30,131,0.561717352
1362,2,reduction by 0.5,39,34,30,132,0.561717352
1363,2,reduction by 0.5,39,34,30,133,0.561717352
1364,2,reduction by 0.5,39,34,30,134,0.561717352
1365,2,reduction by 0.5,39,35,31,44,0.407514451
1366,2,reduction by 0.5,39,35,31,45,0.407514451
1367,2,reduction by 0.5,39,35,31,46,0.407514451
1368,2,reduction by 0.5,39,35,31,47,0.407514451
1369,2,reduction by 0.5,39,35,31,48,0.407514451
1370,2,reduction by 0.5,39,35,31,49,0.407514451
1371,2,reduction by 0.5,39,35,31,50,0.407514451
1372,2,reduction by 0.5,39,35,31,51,0.407514451
1373,2,reduction by 0.5,39,35,31,52,0.407514451
1374,2,reduction by 0.5,39,35,31,53,0.407514451
1375,2,reduction by 0.5,39,35,31,54,0.407514451
1376,2,reduction by 0.5,39,35,31,55,0.407514451
1377,2,reduction by 0.5,39,35,31,56,0.407514451
1378,2,reduction by 0.5,39,35,31,57,0.407514451
1379,2,reduction by 0.5,39,35,31,58,0.407514451
1380,2,reduction by 0.5,39,35,31,59,0.407514451
1381,2,reduction by 0.5,39,35,31,60,0.407514451
1382,2,reduction by 0.5,39,35,31,61,0.407514451
1383,2,reduction by 0.5,39,35,31,62,0.407514451
1384,2,reduction by 0.5,39,35,31,63,0.407514451
1385,2,reduction by 0.5,39,35,31,64,0.407514451
1386,2,reduction by 0.5,39,35,31,65,0.407514451
1387,2,reduction by 0.5,39,35,31,66,0.407514451
1388,2,reduction by 0.5,39,35,31,67,0.407514451
1389,2,reduction by 0.5,39,35,31,68,0.407514451
1390,2,reduction by 0.5,39,35,31,69,0.407514451
1391,2,reduction by 0.5,39,35,31,70,0.407514451
1392,2,reduction by 0.5,39,35,31,71,0.407514451
1393,2,reduction by 0.5,39,35,31,72,0.407514451
1394,2,reduction by 0.5,39,35,31,73,0.407514451
1395,2,reduction by 0.5,39,35,31,74,0.407514451
1396,2,reduction by 0.5,39,35,31,75,0.407514451
1397,2,reduction by 0.5,39,35,31,76,0.407514451
1398,2,reduction by 0.5,39,35,31,77,0.407514451
1399,2,reduction by 0.5,39,35,31,78,0.407514451
1400,2,reduction by 0.5,39,35,31,79,0.407514451
1401,2,reduction by 0.5,39,35,31,80,0.407514451
1402,2,reduction by 0.5,39,35,31,81,0.407514451
1403,2,reduction by 0.5,39,35,31,82,0.407514451
1404,2,reduction by 0.5,39,35,31,83,0.407514451
1405,2,reduction by 0.5,39,35,31,84,0.407514451
1406,2,reduction by 0.5,39,35,31,85,0.407514451
1407,2,reduction by 0.5,39,35,31,86,0.407514451
1408,2,reduction by 0.5,39,35,31,87,0.407514451
1409,2,reduction by 0.5,39,35,31,88,0.407514451
1410,2,reduction by 0.5,39,35,31,89,0.407514451
1411,2,reduction by 0.5,39,35,31,90,0.407514451
1412,2,reduction by 0.5,39,35,31,91,0.407514451
1413,2,reduction by 0.5,39,35,31,92,0.407514451
1414,2,reduction by 0.5,39,35,31,93,0.407514451
1415,2,reduction by 0.5,39,35,31,94,0.407514451
1416,2,reduction by 0.5,39,35,31,95,0.407514451
1417,2,reduction by 0.5,39,35,31,96,0.407514451
1418,2,reduction by 0.5,39,35,31,97,0.407514451
1419,2,reduction by 0.5,39,35,31,98,0.407514451
1420,2,reduction by 0.5,39,35,31,99,0.407514451
1421,2,reduction by 0.5,39,35,31,100,0.407514451
1422,2,reduction by 0.5,39,35,31,101,0.407514451
1423,2,reduction by 0.5,39,35,31,102,0.407514451
1424,2,reduction by 0.5,39,35,31,103,0.407514451
1425,2,reduction by 0.5,39,35,31,104,0.407514451
1426,2,reduction by 0.5,39,35,31,105,0.407514451
1427,2,reduction by 0.5,39,35,31,106,0.407514451
1428,2,reduction by 0.5,39,35,31,107,0.407514451
1429,2,reduction by 0.5,39,35,31,108,0.407514451
1430,2,reduction by 0.5,39,35,31,109,0.407514451
1431,2,reduction by 0.5,39,35,31,110,0.407514451
1432,2,reduction by 0.5,39,35,31,111,0.407514451
1433,2,reduction by 0.5,39,35,31,112,0.407514451
1434,2,reduction by 0.5,39,35,31,113,0.407514451
1435,2,reduction by 0.5,39,35,31,114,0.407514451
1436,2,reduction by 0.5,39,35,31,115,0.407514451
1437,2,reduction by 0.5,39,35,31,116,0.407514451
1438,2,reduction by 0.5,39,35,31,117,0.407514451
1439,2,reduction by 0.5,39,35,31,118,0.407514451
1440,2,reduction by 0.5,39,35,31,119,0.407514451
1441,2,reduction by 0.5,39,35,31,120,0.407514451
1442,2,reduction by 0.5,39,35,31,121,0.407514451
1443,2,reduction by 0.5,39,35,31,122,0.407514451
1444,2,reduction by 0.5,39,35,31,123,0.407514451
1445,2,reduction by 0.5,39,35,31,124,0.407514451
1446,2,reduction by 0.5,39,35,31,125,0.407514451
1447,2,reduction by 0.5,39,35,31,126,0.407514451
1448,2,reduction by 0.5,39,35,31,127,0.407514451
1449,2,reduction by 0.5,39,35,31,128,0.407514451
1450,2,reduction by 0.5,39,35,31,129,0.407514451
1451,2,reduction by 0.5,39,35,31,130,0.407514451
1452,2,reduction by 0.5,39,35,31,131,0.407514451
1453,2,reduction by 0.5,39,35,31,132,0.407514451
1454,2,reduction by 0.5,39,35,31,133,0.407514451
1455,2,reduction by 0.5,39,35,31,134,0.407514451
1456,2,reduction by 0.5,39,35,29,44,0.437340153
1457,2,reduction by 0.5,39,35,29,45,0.437340153
1458,2,reduction by 0.5,39,35,29,46,0.437340153
1459,2,reduction by 0.5,39,35,29,47,0.437340153
1460,2,reduction by 0.5,39,35,29,48,0.437340153
1461,2,reduction by 0.5,39,35,29,49,0.437340153
1462,2,reduction by 0.5,39,35,29,50,0.437340153
1463,2,reduction by 0.5,39,35,29,51,0.437340153
1464,2,reduction by 0.5,39,35,29,52,0.437340153
1465,2,reduction by 0.5,39,35,29,53,0.437340153
1466,2,reduction by 0.5,39,35,29,54,0.437340153
1467,2,reduction by 0.5,39,35,29,55,0.437340153
1468,2,reduction by 0.5,39,35,29,56,0.437340153
1469,2,reduction by 0.5,39,35,29,57,0.437340153
1470,2,reduction by 0.5,39,35,29,58,0.437340153
1471,2,reduction by 0.5,39,35,29,59,0.437340153
1472,2,reduction by 0.5,39,35,29,60,0.437340153
1473,2,reduction by 0.5,39,35,29,61,0.437340153
1474,2,reduction by 0.5,39,35,29,62,0.437340153
1475,2,reduction by 0.5,39,35,29,63,0.437340153
1476,2,reduction by 0.5,39,35,29,64,0.437340153
1477,2,reduction by 0.5,39,35,29,65,0.437340153
1478,2,reduction by 0.5,39,35,29,66,0.437340153
1479,2,reduction by 0.5,39,35,29,67,0.437340153
1480,2,reduction by 0.5,39,35,29,68,0.437340153
1481,2,reduction by 0.5,39,35,29,69,0.437340153
1482,2,reduction by 0.5,39,35,29,70,0.437340153
1483,2,reduction by 0.5,39,35,29,71,0.437340153
1484,2,reduction by 0.5,39,35,29,72,0.437340153
1485,2,reduction by 0.5,39,35,29,73,0.437340153
1486,2,reduction by 0.5,39,35,29,74,0.437340153
1487,2,reduction by 0.5,39,35,29,75,0.437340153
1488,2,reduction by 0.5,39,35,29,76,0.437340153
1489,2,reduction by 0.5,39,35,29,77,0.437340153
1490,2,reduction by 0.5,39,35,29,78,0.437340153
1491,2,reduction by 0.5,39,35,29,79,0.437340153
1492,2,reduction by 0.5,39,35,29,80,0.437340153
1493,2,reduction by 0.5,39,35,29,81,0.437340153
1494,2,reduction by 0.5,39,35,29,82,0.437340153
1495,2,reduction by 0.5,39,35,29,83,0.437340153
1496,2,reduction by 0.5,39,35,29,84,0.437340153
1497,2,reduction by 0.5,39,35,29,85,0.437340153
1498,2,reduction by 0.5,39,35,29,86,0.437340153
1499,2,reduction by 0.5,39,35,29,87,0.437340153
1500,2,reduction by 0.5,39,35,29,88,0.437340153
1501,2,reduction by 0.5,39,35,29,89,0.437340153
1502,2,reduction by 0.5,39,35,29,90,0.437340153
1503,2,reduction by 0.5,39,35,29,91,0.437340153
1504,2,reduction by 0.5,39,35,29,92,0.437340153
1505,2,reduction by 0.5,39,35,29,93,0.437340153
1506,2,reduction by 0.5,39,35,29,94,0.437340153
1507,2,reduction by 0.5,39,35,29,95,0.437340153
1508,2,reduction by 0.5,39,35,29,96,0.437340153
1509,2,reduction by 0.5,39,35,29,97,0.437340153
1510,2,reduction by 0.5,39,35,29,98,0.437340153
1511,2,reduction by 0.5,39,35,29,99,0.437340153
1512,2,reduction by 0.5,39,35,29,100,0.437340153
1513,2,reduction by 0.5,39,35,29,101,0.437340153
1514,2,reduction by 0.5,39,35,29,102,0.437340153
1515,2,reduction by 0.5,39,35,29,103,0.437340153
1516,2,reduction by 0.5,39,35,29,104,0.437340153
1517,2,reduction by 0.5,39,35,29,105,0.437340153
1518,2,reduction by 0.5,39,35,29,106,0.437340153
1519,2,reduction by 0.5,39,35,29,107,0.437340153
1520,2,reduction by 0.5,39,35,29,108,0.437340153
1521,2,reduction by 0.5,39,35,29,109,0.437340153
1522,2,reduction by 0.5,39,35,29,110,0.437340153
1523,2,reduction by 0.5,39,35,29,111,0.437340153
1524,2,reduction by 0.5,39,35,29,112,0.437340153
1525,2,reduction by 0.5,39,35,29,113,0.437340153
1526,2,reduction by 0.5,39,35,29,114,0.437340153
1527,2,reduction by 0.5,39,35,29,115,0.437340153
1528,2,reduction by 0.5,39,35,29,116,0.437340153
1529,2,reduction by 0.5,39,35,29,117,0.437340153
1530,2,reduction by 0.5,39,35,29,118,0.437340153
1531,2,reduction by 0.5,39,35,29,119,0.437340153
1532,2,reduction by 0.5,39,35,29,120,0.437340153
1533,2,reduction by 0.5,39,35,29,121,0.437340153
1534,2,reduction by 0.5,39,35,29,122,0.437340153
1535,2,reduction by 0.5,39,35,29,123,0.437340153
1536,2,reduction by 0.5,39,35,29,124,0.437340153
1537,2,reduction by 0.5,39,35,29,125,0.437340153
1538,2,reduction by 0.5,39,35,29,126,0.437340153
1539,2,reduction by 0.5,39,35,29,127,0.437340153
1540,2,reduction by 0.5,39,35,29,128,0.437340153
1541,2,reduction by 0.5,39,35,29,129,0.437340153
1542,2,reduction by 0.5,39,35,29,130,0.437340153
1543,2,reduction by 0.5,39,35,29,131,0.437340153
1544,2,reduction by 0.5,39,35,29,132,0.437340153
1545,2,reduction by 0.5,39,35,29,133,0.437340153
1546,2,reduction by 0.5,39,35,29,134,0.437340153
1547,2,reduction by 0.5,39,35,30,44,0.461702128
1548,2,reduction by 0.5,39,35,30,45,0.461702128
1549,2,reduction by 0.5,39,35,30,46,0.461702128
1550,2,reduction by 0.5,39,35,30,47,0.461702128
1551,2,reduction by 0.5,39,35,30,48,0.461702128
1552,2,reduction by 0.5,39,35,30,49,0.461702128
1553,2,reduction by 0.5,39,35,30,50,0.461702128
1554,2,reduction by 0.5,39,35,30,51,0.461702128
1555,2,reduction by 0.5,39,35,30,52,0.461702128
1556,2,reduction by 0.5,39,35,30,53,0.461702128
1557,2,reduction by 0.5,39,35,30,54,0.461702128
1558,2,reduction by 0.5,39,35,30,55,0.461702128
1559,2,reduction by 0.5,39,35,30,56,0.461702128
1560,2,reduction by 0.5,39,35,30,57,0.461702128
1561,2,reduction by 0.5,39,35,30,58,0.461702128
1562,2,reduction by 0.5,39,35,30,59,0.461702128
1563,2,reduction by 0.5,39,35,30,60,0.461702128
1564,2,reduction by 0.5,39,35,30,61,0.461702128
1565,2,reduction by 0.5,39,35,30,62,0.461702128
1566,2,reduction by 0.5,39,35,30,63,0.461702128
1567,2,reduction by 0.5,39,35,30,64,0.461702128
1568,2,reduction by 0.5,39,35,30,65,0.461702128
1569,2,reduction by 0.5,39,35,30,66,0.461702128
1570,2,reduction by 0.5,39,35,30,67,0.461702128
1571,2,reduction by 0.5,39,35,30,68,0.461702128
1572,2,reduction by 0.5,39,35,30,69,0.461702128
1573,2,reduction by 0.5,39,35,30,70,0.461702128
1574,2,reduction by 0.5,39,35,30,71,0.461702128
1575,2,reduction by 0.5,39,35,30,72,0.461702128
1576,2,reduction by 0.5,39,35,30,73,0.461702128
1577,2,reduction by 0.5,39,35,30,74,0.461702128
1578,2,reduction by 0.5,39,35,30,75,0.461702128
1579,2,reduction by 0.5,39,35,30,76,0.461702128
1580,2,reduction by 0.5,39,35,30,77,0.461702128
1581,2,reduction by 0.5,39,35,30,78,0.461702128
1582,2,reduction by 0.5,39,35,30,79,0.461702128
1583,2,reduction by 0.5,39,35,30,80,0.461702128
1584,2,reduction by 0.5,39,35,30,81,0.461702128
1585,2,reduction by 0.5,39,35,30,82,0.461702128
1586,2,reduction by 0.5,39,35,30,83,0.461702128
1587,2,reduction by 0.5,39,35,30,84,0.461702128
1588,2,reduction by 0.5,39,35,30,85,0.461702128
1589,2,reduction by 0.5,39,35,30,86,0.461702128
1590,2,reduction by 0.5,39,35,30,87,0.461702128
1591,2,reduction by 0.5,39,35,30,88,0.461702128
1592,2,reduction by 0.5,39,35,30,89,0.461702128
1593,2,reduction by 0.5,39,35,30,90,0.461702128
1594,2,reduction by 0.5,39,35,30,91,0.461702128
1595,2,reduction by 0.5,39,35,30,92,0.461702128
1596,2,reduction by 0.5,39,35,30,93,0.461702128
1597,2,reduction by 0.5,39,35,30,94,0.461702128
1598,2,reduction by 0.5,39,35,30,95,0.461702128
1599,2,reduction by 0.5,39,35,30,96,0.461702128
1600,2,reduction by 0.5,39,35,30,97,0.461702128
1601,2,reduction by 0.5,39,35,30,98,0.461702128
1602,2,reduction by 0.5,39,35,30,99,0.461702128
1603,2,reduction by 0.5,39,35,30,100,0.461702128
1604,2,reduction by 0.5,39,35,30,101,0.461702128
1605,2,reduction by 0.5,39,35,30,102,0.461702128
1606,2,reduction by 0.5,39,35,30,103,0.461702128
1607,2,reduction by 0.5,39,35,30,104,0.461702128
1608,2,reduction by 0.5,39,35,30,105,0.461702128
1609,2,reduction by 0.5,39,35,30,106,0.461702128
1610,2,reduction by 0.5,39,35,30,107,0.461702128
1611,2,reduction by 0.5,39,35,30,108,0.461702128
1612,2,reduction by 0.5,39,35,30,109,0.461702128
1613,2,reduction by 0.5,39,35,30,110,0.461702128
1614,2,reduction by 0.5,39,35,30,111,0.461702128
1615,2,reduction by 0.5,39,35,30,112,0.461702128
1616,2,reduction by 0.5,39,35,30,113,0.461702128
1617,2,reduction by 0.5,39,35,30,114,0.461702128
1618,2,reduction by 0.5,39,35,30,115,0.461702128
1619,2,reduction by 0.5,39,35,30,116,0.461702128
1620,2,reduction by 0.5,39,35,30,117,0.461702128
1621,2,reduction by 0.5,39,35,30,118,0.461702128
1622,2,reduction by 0.5,39,35,30,119,0.461702128
1623,2,reduction by 0.5,39,35,30,120,0.461702128
1624,2,reduction by 0.5,39,35,30,121,0.461702128
1625,2,reduction by 0.5,39,35,30,122,0.461702128
1626,2,reduction by 0.5,39,35,30,123,0.461702128
1627,2,reduction by 0.5,39,35,30,124,0.461702128
1628,2,reduction by 0.5,39,35,30,125,0.461702128
1629,2,reduction by 0.5,39,35,30,126,0.461702128
1630,2,reduction by 0.5,39,35,30,127,0.461702128
1631,2,reduction by 0.5,39,35,30,128,0.461702128
1632,2,reduction by 0.5,39,35,30,129,0.461702128
1633,2,reduction by 0.5,39,35,30,130,0.461702128
1634,2,reduction by 0.5,39,35,30,131,0.461702128
1635,2,reduction by 0.5,39,35,30,132,0.461702128
1636,2,reduction by 0.5,39,35,30,133,0.461702128
1637,2,reduction by 0.5,39,35,30,134,0.461702128
